scenario,GID_1,month,herbage_anpp,herbage_prodn,total_area_rangeland,mean_anomaly_herbage_anpp,total_anomaly_herbage_prodn,rel_anomaly_mean_herbage_anpp,rel_anomaly_total_herbage_prodn
S0_BASE_bs00_E01,ETH.8,2019-01,0.180240772,441317.3305,13128.6802,-0.24166712,-1476060.983,-57.27959229,-76.98329394
S0_BASE_bs00_E01,ETH.8,2019-02,0.0463849,166822.3734,13128.6802,-0.187064001,-879088.96,-80.13059841,-84.0500463
S0_BASE_bs00_E01,ETH.8,2019-03,1.134296981,5375385.035,13128.6802,0.630585927,3247685.564,125.1880262,152.6383593
S0_BASE_bs00_E01,ETH.8,2019-04,2.281495441,12726947.45,13128.6802,0.491166821,4336441.457,27.43445063,51.68271689
S0_BASE_bs00_E01,ETH.8,2018-05,2.595152823,10217153.23,13128.6802,0.029735416,878457.7228,1.159086865,9.406642734
S0_BASE_bs00_E01,ETH.8,2018-06,3.011792393,10245516.45,13128.6802,0.344846278,1555879.598,12.93038042,17.90500137
S0_BASE_bs00_E01,ETH.8,2018-07,1.095102057,2837038.193,13128.6802,0.086799354,131922.158,8.608461924,4.87676522
S0_BASE_bs00_E01,ETH.8,2018-08,0.619688875,2241347.468,13128.6802,-0.010030715,-15132.71381,-1.592885983,-0.670633579
S0_BASE_bs00_E01,ETH.8,2018-09,1.290744294,4953838.736,13128.6802,0.131581637,499843.0532,11.3514386,11.22235154
S0_BASE_bs00_E01,ETH.8,2018-10,1.872301181,9090671.826,13128.6802,0.076017651,1107617.202,4.231940557,13.87460382
S0_BASE_bs00_E01,ETH.8,2018-11,2.004588826,12005690.38,13128.6802,-0.20990009,-187917.6796,-9.478489057,-1.541116286
S0_BASE_bs00_E01,ETH.8,2018-12,1.299376612,6567651.12,13128.6802,0.012401774,313059.5427,0.963637618,5.005275545
S0_BASE_bs00_E10,ETH.8,2019-01,0.536578369,1322071.336,13128.6802,0.114670477,-595306.9776,27.17903111,-31.04796656
S0_BASE_bs00_E10,ETH.8,2019-02,0.461750631,2020797.215,13128.6802,0.22830173,974885.8818,97.79516149,93.20922823
S0_BASE_bs00_E10,ETH.8,2019-03,0.215880604,506988.5773,13128.6802,-0.28783045,-1620710.894,-57.14197606,-76.17198367
S0_BASE_bs00_E10,ETH.8,2019-04,1.323389659,4668448.395,13128.6802,-0.46693896,-3722057.597,-26.08118727,-44.36034728
S0_BASE_bs00_E10,ETH.8,2018-05,2.567651637,10157413.24,13128.6802,0.00223423,818717.7311,0.087090302,8.766938916
S0_BASE_bs00_E10,ETH.8,2018-06,2.929506138,9818051.452,13128.6802,0.262560024,1128414.597,9.844969212,12.98575091
S0_BASE_bs00_E10,ETH.8,2018-07,1.091669458,2959084.156,13128.6802,0.083366755,253968.1208,8.268028551,9.388437223
S0_BASE_bs00_E10,ETH.8,2018-08,0.595550434,2181697.839,13128.6802,-0.034169156,-74782.34277,-5.426090616,-3.31411476
S0_BASE_bs00_E10,ETH.8,2018-09,1.151253625,4851011.626,13128.6802,-0.007909032,397015.9434,-0.682305591,8.913702925
S0_BASE_bs00_E10,ETH.8,2018-10,1.701822866,8119892.05,13128.6802,-0.094460663,136837.4262,-5.258672229,1.714098583
S0_BASE_bs00_E10,ETH.8,2018-11,2.559207789,15008811.89,13128.6802,0.344718873,2815203.829,15.56652059,23.08753747
S0_BASE_bs00_E10,ETH.8,2018-12,2.014002184,10401561.5,13128.6802,0.727027346,4146969.926,56.49118568,66.30280931
S0_BASE_bs00_E11,ETH.8,2019-01,0.117198396,376562.358,13128.6802,-0.304709496,-1540815.955,-72.22180515,-80.36056028
S0_BASE_bs00_E11,ETH.8,2019-02,0.089964469,216717.5664,13128.6802,-0.143484432,-829193.767,-61.4628861,-79.27954699
S0_BASE_bs00_E11,ETH.8,2019-03,0.073297455,231768.0951,13128.6802,-0.430413599,-1895931.376,-85.44851169,-89.10710379
S0_BASE_bs00_E11,ETH.8,2019-04,0.300449747,2293343.014,13128.6802,-1.489878873,-6097162.978,-83.21817886,-72.66740509
S0_BASE_bs00_E11,ETH.8,2018-05,2.583209376,10221974.92,13128.6802,0.017791969,883279.4038,0.693531159,9.458273939
S0_BASE_bs00_E11,ETH.8,2018-06,2.937117634,9888943.098,13128.6802,0.270171519,1199306.243,10.13037039,13.80156919
S0_BASE_bs00_E11,ETH.8,2018-07,1.135335919,3248699.237,13128.6802,0.127033216,543583.2021,12.59871815,20.09463532
S0_BASE_bs00_E11,ETH.8,2018-08,0.726045635,2441715.728,13128.6802,0.096326046,185235.5461,15.29665703,8.209048216
S0_BASE_bs00_E11,ETH.8,2018-09,1.212331138,5230409.311,13128.6802,0.053168481,776413.6287,4.586800752,17.43184511
S0_BASE_bs00_E11,ETH.8,2018-10,1.983949784,10234657.27,13128.6802,0.187666254,2251602.648,10.44747399,28.20477567
S0_BASE_bs00_E11,ETH.8,2018-11,2.074492261,12067806.44,13128.6802,-0.139996655,-125801.6152,-6.321849429,-1.031701319
S0_BASE_bs00_E11,ETH.8,2018-12,1.284470495,6496406.173,13128.6802,-0.002504343,241814.596,-0.19459147,3.866193228
S0_BASE_bs00_E12,ETH.8,2019-01,0.984344963,6067511.735,13128.6802,0.562437071,4150133.422,133.3080232,216.4483343
S0_BASE_bs00_E12,ETH.8,2019-02,0.273483478,990369.0759,13128.6802,0.040034577,-55542.25757,17.14918219,-5.310417412
S0_BASE_bs00_E12,ETH.8,2019-03,0.790115628,2093639.035,13128.6802,0.286404574,-34060.4363,56.85890181,-1.600810489
S0_BASE_bs00_E12,ETH.8,2019-04,1.782800325,6759733.812,13128.6802,-0.007528294,-1630772.179,-0.420497892,-19.43592175
S0_BASE_bs00_E12,ETH.8,2018-05,2.579233009,10222688.48,13128.6802,0.013815602,883992.9661,0.538532309,9.46591486
S0_BASE_bs00_E12,ETH.8,2018-06,2.839521658,9484181.416,13128.6802,0.172575543,794544.5611,6.470904773,9.143587636
S0_BASE_bs00_E12,ETH.8,2018-07,1.102259911,3100887.409,13128.6802,0.093957208,395771.3735,9.318353313,14.63047679
S0_BASE_bs00_E12,ETH.8,2018-08,0.591454171,2125365.069,13128.6802,-0.038265419,-131115.1137,-6.076580681,-5.810603378
S0_BASE_bs00_E12,ETH.8,2018-09,1.185222271,5070901.222,13128.6802,0.026059614,616905.5396,2.248141241,13.85060929
S0_BASE_bs00_E12,ETH.8,2018-10,1.707849178,7986075.452,13128.6802,-0.088434352,3020.828651,-4.923184473,0.037840511
S0_BASE_bs00_E12,ETH.8,2018-11,2.50768717,15084180.28,13128.6802,0.293198254,2890572.222,13.23999645,23.70563502
S0_BASE_bs00_E12,ETH.8,2018-12,1.78029708,10266627.11,13128.6802,0.493322241,4012035.536,38.33192587,64.14544397
S0_BASE_bs00_E13,ETH.8,2019-01,0.093577686,229890.3637,13128.6802,-0.328330206,-1687487.95,-77.82035173,-88.01017191
S0_BASE_bs00_E13,ETH.8,2019-02,0.047434824,192241.9421,13128.6802,-0.186014077,-853669.3914,-79.68085358,-81.6196712
S0_BASE_bs00_E13,ETH.8,2019-03,0.6579101,3036428.345,13128.6802,0.154199046,908728.8745,30.61259907,42.70945625
S0_BASE_bs00_E13,ETH.8,2019-04,2.144148967,10499264.38,13128.6802,0.353820348,2108758.385,19.76287168,25.13267241
S0_BASE_bs00_E13,ETH.8,2018-05,2.579538706,10191722.29,13128.6802,0.014121299,853026.7761,0.550448405,9.134324757
S0_BASE_bs00_E13,ETH.8,2018-06,3.000956625,10190853.37,13128.6802,0.334010511,1501216.516,12.52408172,17.27594077
S0_BASE_bs00_E13,ETH.8,2018-07,1.20527332,3674900.808,13128.6802,0.196970617,969784.7725,19.53486949,35.85002492
S0_BASE_bs00_E13,ETH.8,2018-08,0.643880339,2113213.634,13128.6802,0.01416075,-143266.5487,2.248738959,-6.349116193
S0_BASE_bs00_E13,ETH.8,2018-09,1.108714504,3832492.164,13128.6802,-0.050448153,-621503.518,-4.352120299,-13.95384195
S0_BASE_bs00_E13,ETH.8,2018-10,1.827731611,8139910.241,13128.6802,0.031448082,156855.6172,1.750730416,1.964857121
S0_BASE_bs00_E13,ETH.8,2018-11,1.863333266,9652194.809,13128.6802,-0.35115565,-2541413.251,-15.85718706,-20.84217599
S0_BASE_bs00_E13,ETH.8,2018-12,1.211905292,5035340.49,13128.6802,-0.075069546,-1219251.088,-5.833023615,-19.49369631
S0_BASE_bs00_E14,ETH.8,2019-01,0.40156236,1192919.46,13128.6802,-0.020345532,-724458.8535,-4.822268618,-37.78382432
S0_BASE_bs00_E14,ETH.8,2019-02,0.346260101,1302257.479,13128.6802,0.1128112,256346.1459,48.32372303,24.50935731
S0_BASE_bs00_E14,ETH.8,2019-03,0.090271371,377476.07,13128.6802,-0.413439683,-1750223.401,-82.07873936,-82.25895738
S0_BASE_bs00_E14,ETH.8,2019-04,2.141831648,8752387.085,13128.6802,0.351503029,361881.0934,19.63343627,4.312982957
S0_BASE_bs00_E14,ETH.8,2018-05,2.570827612,10140177.01,13128.6802,0.005410205,801481.494,0.210889843,8.582370985
S0_BASE_bs00_E14,ETH.8,2018-06,2.183117524,7073236.218,13128.6802,-0.48382859,-1616400.637,-18.14167102,-18.60147511
S0_BASE_bs00_E14,ETH.8,2018-07,0.824577895,2195581.177,13128.6802,-0.183724808,-509534.8576,-18.22119559,-18.83597047
S0_BASE_bs00_E14,ETH.8,2018-08,0.74475729,2152631.936,13128.6802,0.1150377,-103848.2464,18.26808346,-4.602222841
S0_BASE_bs00_E14,ETH.8,2018-09,1.293260688,4574016.278,13128.6802,0.134098031,120020.5958,11.56852578,2.694672477
S0_BASE_bs00_E14,ETH.8,2018-10,1.862912293,7857959.348,13128.6802,0.066628763,-125095.2757,3.709256491,-1.567010143
S0_BASE_bs00_E14,ETH.8,2018-11,2.311057005,12647534.45,13128.6802,0.09656809,453926.392,4.360739352,3.722658542
S0_BASE_bs00_E14,ETH.8,2018-12,1.573616592,8315243.971,13128.6802,0.286641753,2060652.393,22.27252196,32.94623426
S0_BASE_bs00_E15,ETH.8,2019-01,0.52890812,3067876.696,13128.6802,0.107000228,1150498.382,25.36103967,60.00372353
S0_BASE_bs00_E15,ETH.8,2019-02,0.645286179,3408512.598,13128.6802,0.411837278,2362601.264,176.4143143,225.8892498
S0_BASE_bs00_E15,ETH.8,2019-03,0.125739636,492505.8442,13128.6802,-0.377971418,-1635193.627,-75.03734835,-76.85265936
S0_BASE_bs00_E15,ETH.8,2019-04,0.370265638,1721064.614,13128.6802,-1.420062981,-6669441.378,-79.31856563,-79.48795203
S0_BASE_bs00_E15,ETH.8,2018-05,2.588698321,10264639.42,13128.6802,0.023280914,925943.9131,0.907490297,9.915131208
S0_BASE_bs00_E15,ETH.8,2018-06,1.896275341,7896815.486,13128.6802,-0.770670773,-792821.3695,-28.89712578,-9.123757215
S0_BASE_bs00_E15,ETH.8,2018-07,1.023534967,3234212.284,13128.6802,0.015232264,529096.2487,1.510683618,19.55909624
S0_BASE_bs00_E15,ETH.8,2018-08,0.769778014,2412704.378,13128.6802,0.140058424,156224.1959,22.2413955,6.923357765
S0_BASE_bs00_E15,ETH.8,2018-09,1.639892449,5883292.055,13128.6802,0.480729792,1429296.373,41.47216004,32.09020563
S0_BASE_bs00_E15,ETH.8,2018-10,1.707004369,6962107.662,13128.6802,-0.089279161,-1020946.962,-4.970215409,-12.78892617
S0_BASE_bs00_E15,ETH.8,2018-11,1.675423211,7814273.005,13128.6802,-0.539065705,-4379335.055,-24.34266891,-35.91500591
S0_BASE_bs00_E15,ETH.8,2018-12,1.158799275,6430094.271,13128.6802,-0.128175564,175502.6934,-9.959445976,2.805981674
S0_BASE_bs00_E16,ETH.8,2019-01,0.872792319,5469894.632,13128.6802,0.450884427,3552516.318,106.8679765,185.2798842
S0_BASE_bs00_E16,ETH.8,2019-02,0.22702908,1012013.282,13128.6802,-0.006419821,-33898.05174,-2.749989833,-3.241006256
S0_BASE_bs00_E16,ETH.8,2019-03,0.512822163,915578.5436,13128.6802,0.009111109,-1212120.927,1.808796655,-56.96861534
S0_BASE_bs00_E16,ETH.8,2019-04,1.767388927,6611531.248,13128.6802,-0.022939693,-1778974.744,-1.281311841,-21.20223436
S0_BASE_bs00_E16,ETH.8,2018-05,2.56927053,10173004.3,13128.6802,0.003853123,834308.7898,0.150194786,8.933890057
S0_BASE_bs00_E16,ETH.8,2018-06,2.525012598,8835291.163,13128.6802,-0.141933517,145654.3081,-5.321949178,1.676184063
S0_BASE_bs00_E16,ETH.8,2018-07,0.939480078,2676190.848,13128.6802,-0.068822625,-28925.18702,-6.825591632,-1.069277127
S0_BASE_bs00_E16,ETH.8,2018-08,0.743103466,2189869.103,13128.6802,0.113383876,-66611.07884,18.0054548,-2.951990421
S0_BASE_bs00_E16,ETH.8,2018-09,1.442389395,3855468.4,13128.6802,0.283226738,-598527.2819,24.43373557,-13.43798523
S0_BASE_bs00_E16,ETH.8,2018-10,2.119161777,9523826.911,13128.6802,0.322878248,1540772.287,17.9747931,19.30053544
S0_BASE_bs00_E16,ETH.8,2018-11,2.127625304,12360322.1,13128.6802,-0.086863612,166714.0409,-3.922512844,1.367224862
S0_BASE_bs00_E16,ETH.8,2018-12,0.745904621,3620166.679,13128.6802,-0.541070218,-2634424.898,-42.04201992,-42.11985492
S0_BASE_bs00_E17,ETH.8,2019-01,0.249399136,727321.9082,13128.6802,-0.172508756,-1190056.405,-40.88777659,-62.06685436
S0_BASE_bs00_E17,ETH.8,2019-02,0.403268516,1602922.285,13128.6802,0.169819615,557010.9515,72.74380578,53.25603937
S0_BASE_bs00_E17,ETH.8,2019-03,0.179858283,514127.3164,13128.6802,-0.323852771,-1613572.154,-64.29336185,-75.83646922
S0_BASE_bs00_E17,ETH.8,2019-04,2.24402021,10502987.84,13128.6802,0.45369159,2112481.852,25.34124658,25.17704957
S0_BASE_bs00_E17,ETH.8,2018-05,2.568823626,10216111.06,13128.6802,0.003406219,877415.544,0.132774463,9.395482945
S0_BASE_bs00_E17,ETH.8,2018-06,2.949340481,9864496.456,13128.6802,0.282394367,1174859.601,10.58867914,13.52023819
S0_BASE_bs00_E17,ETH.8,2018-07,1.065582515,3066231.462,13128.6802,0.057279812,361115.4271,5.680815113,13.34935073
S0_BASE_bs00_E17,ETH.8,2018-08,0.689024731,2493533.693,13128.6802,0.059305141,237053.5104,9.417706261,10.50545501
S0_BASE_bs00_E17,ETH.8,2018-09,1.360486119,5241096.713,13128.6802,0.201323462,787101.031,17.36800794,17.671796
S0_BASE_bs00_E17,ETH.8,2018-10,1.847937533,8146837.513,13128.6802,0.051654003,163782.8895,2.875604116,2.051631827
S0_BASE_bs00_E17,ETH.8,2018-11,2.214246962,12095236.91,13128.6802,-2.42E-04,-98371.14999,-0.01092592,-0.806743578
S0_BASE_bs00_E17,ETH.8,2018-12,1.162286841,4899733.722,13128.6802,-0.124687997,-1354857.855,-9.688456476,-21.66181178
S0_BASE_bs00_E18,ETH.8,2019-01,0.544370783,2137623.985,13128.6802,0.122462891,220245.6713,29.0259779,11.48681352
S0_BASE_bs00_E18,ETH.8,2019-02,0.098048815,549656.5658,13128.6802,-0.135400086,-496254.7676,-57.99988165,-47.44711638
S0_BASE_bs00_E18,ETH.8,2019-03,0.229736992,1061297.789,13128.6802,-0.273974062,-1066401.682,-54.39111567,-50.11993922
S0_BASE_bs00_E18,ETH.8,2019-04,2.113313137,10465309.77,13128.6802,0.322984518,2074803.782,18.04051583,24.72799356
S0_BASE_bs00_E18,ETH.8,2018-05,2.584847038,10191527.21,13128.6802,0.019429631,852831.6941,0.757367232,9.132235793
S0_BASE_bs00_E18,ETH.8,2018-06,2.851215533,9588576.618,13128.6802,0.184269418,898939.7633,6.909379132,10.34496353
S0_BASE_bs00_E18,ETH.8,2018-07,1.028391156,2851241.348,13128.6802,0.020088453,146125.3126,1.992303794,5.401813109
S0_BASE_bs00_E18,ETH.8,2018-08,0.514562347,2001849.357,13128.6802,-0.115157243,-254630.8248,-18.28706688,-11.28442549
S0_BASE_bs00_E18,ETH.8,2018-09,1.23053047,4640783.862,13128.6802,0.071367813,186788.1801,6.156841995,4.193721624
S0_BASE_bs00_E18,ETH.8,2018-10,1.727383626,7461878.673,13128.6802,-0.068899903,-521175.9511,-3.835691985,-6.528527934
S0_BASE_bs00_E18,ETH.8,2018-11,2.51052628,14093512.41,13128.6802,0.296037364,1899904.353,13.36820258,15.58114993
S0_BASE_bs00_E18,ETH.8,2018-12,1.692426769,7922037.231,13128.6802,0.405451931,1667445.653,31.50426243,26.65954496
S0_BASE_bs00_E19,ETH.8,2019-01,0.237612502,856310.8855,13128.6802,-0.18429539,-1061067.428,-43.68142762,-55.3394925
S0_BASE_bs00_E19,ETH.8,2019-02,0.048527056,251569.2616,13128.6802,-0.184921845,-794342.0718,-79.212986,-75.9473625
S0_BASE_bs00_E19,ETH.8,2019-03,0.043613223,202889.5582,13128.6802,-0.460097831,-1924809.913,-91.34161882,-90.46436957
S0_BASE_bs00_E19,ETH.8,2019-04,0.14803448,514883.8654,13128.6802,-1.642294139,-7875622.126,-91.73143531,-93.86349445
S0_BASE_bs00_E19,ETH.8,2018-05,2.55927134,10140610.31,13128.6802,-0.006146067,801914.7997,-0.239573775,8.587010881
S0_BASE_bs00_E19,ETH.8,2018-06,2.599581975,8508491.57,13128.6802,-0.06736414,-181145.2849,-2.525890537,-2.084612831
S0_BASE_bs00_E19,ETH.8,2018-07,1.104816656,2912524.51,13128.6802,0.096513953,207408.4749,9.571922475,7.667267215
S0_BASE_bs00_E19,ETH.8,2018-08,0.568646613,2321288.385,13128.6802,-0.061072976,64808.20288,-9.698439961,2.872092713
S0_BASE_bs00_E19,ETH.8,2018-09,1.238133815,4604813.872,13128.6802,0.078971158,150818.1896,6.812776275,3.38613237
S0_BASE_bs00_E19,ETH.8,2018-10,1.81586659,7741600.467,13128.6802,0.019583061,-241454.1567,1.090198762,-3.024583547
S0_BASE_bs00_E19,ETH.8,2018-11,2.495294334,13976560.24,13128.6802,0.280805418,1782952.185,12.68037134,14.62202308
S0_BASE_bs00_E19,ETH.8,2018-12,1.09559103,4231619.536,13128.6802,-0.191383808,-2022972.042,-14.87082748,-32.34379122
S0_BASE_bs00_E02,ETH.8,2019-01,0.26230969,874825.0209,13128.6802,-0.159598202,-1042553.292,-37.82773557,-54.37389613
S0_BASE_bs00_E02,ETH.8,2019-02,0.045311501,220208.7824,13128.6802,-0.1881374,-825702.551,-80.59039868,-78.94575043
S0_BASE_bs00_E02,ETH.8,2019-03,0.729716943,2166116.288,13128.6802,0.226005889,38416.81709,44.86816141,1.805556547
S0_BASE_bs00_E02,ETH.8,2019-04,2.180905543,8415380.996,13128.6802,0.390576924,24875.00457,21.81593478,0.296466084
S0_BASE_bs00_E02,ETH.8,2018-05,2.578203166,10221114.85,13128.6802,0.012785759,882419.3337,0.498389042,9.449064193
S0_BASE_bs00_E02,ETH.8,2018-06,2.976975144,10097966.76,13128.6802,0.31002903,1408329.908,11.6248704,16.20700532
S0_BASE_bs00_E02,ETH.8,2018-07,1.098257952,3426374.044,13128.6802,0.089955249,721258.0086,8.921452763,26.66273828
S0_BASE_bs00_E02,ETH.8,2018-08,0.587882727,2246725.8,13128.6802,-0.041836863,-9754.381791,-6.643728985,-0.432283069
S0_BASE_bs00_E02,ETH.8,2018-09,1.074189264,3873701.206,13128.6802,-0.084973393,-580294.4765,-7.330584067,-13.02862683
S0_BASE_bs00_E02,ETH.8,2018-10,1.560738475,6445997.155,13128.6802,-0.235545055,-1537057.469,-13.11291069,-19.25400165
S0_BASE_bs00_E02,ETH.8,2018-11,1.853099325,8903887.4,13128.6802,-0.36138959,-3289720.659,-16.31932261,-26.97905856
S0_BASE_bs00_E02,ETH.8,2018-12,1.402031484,7197666.535,13128.6802,0.115056645,943074.9577,8.940085045,15.07812214
S0_BASE_bs00_E20,ETH.8,2019-01,0.206545913,532416.9605,13128.6802,-0.215361979,-1384961.353,-51.04478556,-72.23203387
S0_BASE_bs00_E20,ETH.8,2019-02,0.161542986,472264.2375,13128.6802,-0.071905915,-573647.0959,-30.80156502,-54.84662777
S0_BASE_bs00_E20,ETH.8,2019-03,0.055022864,230966.2044,13128.6802,-0.44868819,-1896733.266,-89.07650258,-89.14479194
S0_BASE_bs00_E20,ETH.8,2019-04,2.368327101,15807296.68,13128.6802,0.577998482,7416790.692,32.284491,88.39503481
S0_BASE_bs00_E20,ETH.8,2018-05,2.613523175,10246082.72,13128.6802,0.048105767,907387.206,1.875163365,9.716423507
S0_BASE_bs00_E20,ETH.8,2018-06,3.009178616,10034677.13,13128.6802,0.342232502,1345040.276,12.83237408,15.47867072
S0_BASE_bs00_E20,ETH.8,2018-07,1.119681621,3213012.063,13128.6802,0.111378918,507896.0275,11.04617866,18.77538786
S0_BASE_bs00_E20,ETH.8,2018-08,0.647328023,2462628.314,13128.6802,0.017608433,206148.1313,2.796233952,9.135827246
S0_BASE_bs00_E20,ETH.8,2018-09,1.13921992,4151704.776,13128.6802,-0.019942737,-302290.9063,-1.720443373,-6.786960022
S0_BASE_bs00_E20,ETH.8,2018-10,1.685194359,7574514.885,13128.6802,-0.111089171,-408539.7393,-6.184389541,-5.11758667
S0_BASE_bs00_E20,ETH.8,2018-11,2.328562874,12404272.89,13128.6802,0.114073958,210664.8256,5.151254425,1.727666041
S0_BASE_bs00_E20,ETH.8,2018-12,1.253397546,4943903.817,13128.6802,-0.033577293,-1310687.76,-2.609009265,-20.95560908
S0_BASE_bs00_E21,ETH.8,2019-01,1.601324926,8797245.987,13128.6802,1.179417034,6879867.673,279.5437241,358.8163914
S0_BASE_bs00_E21,ETH.8,2019-02,0.963617546,5629846.58,13128.6802,0.730168645,4583935.247,312.7745051,438.2718783
S0_BASE_bs00_E21,ETH.8,2019-03,1.023619641,5051526.579,13128.6802,0.519908587,2923827.108,103.2156397,137.4172973
S0_BASE_bs00_E21,ETH.8,2019-04,1.402928088,5085325.623,13128.6802,-0.387400531,-3305180.369,-21.63851525,-39.39190762
S0_BASE_bs00_E21,ETH.8,2018-05,2.576156929,10192046.83,13128.6802,0.010739522,853351.319,0.418626696,9.137800005
S0_BASE_bs00_E21,ETH.8,2018-06,2.72052936,9023246.928,13128.6802,0.053583246,333610.0724,2.009161161,3.839171624
S0_BASE_bs00_E21,ETH.8,2018-07,1.123887548,3045512.105,13128.6802,0.115584845,340396.07,11.46330801,12.58341844
S0_BASE_bs00_E21,ETH.8,2018-08,0.55690009,2254839.804,13128.6802,-0.072819499,-1640.377808,-11.56379767,-0.072696309
S0_BASE_bs00_E21,ETH.8,2018-09,1.244418278,4631294.769,13128.6802,0.085255622,177299.0871,7.354931682,3.980674876
S0_BASE_bs00_E21,ETH.8,2018-10,1.828335154,7326967.477,13128.6802,0.032051624,-656087.1467,1.784329914,-8.218497526
S0_BASE_bs00_E21,ETH.8,2018-11,2.790892435,16232361.8,13128.6802,0.576403519,4038753.74,26.02873806,33.12189239
S0_BASE_bs00_E21,ETH.8,2018-12,2.296697965,14121172.62,13128.6802,1.009723126,7866581.047,78.45709926,125.7728974
S0_BASE_bs00_E22,ETH.8,2019-01,0.171318339,422456.1199,13128.6802,-0.250589553,-1494922.193,-59.39437434,-77.96699186
S0_BASE_bs00_E22,ETH.8,2019-02,0.364411924,894471.5493,13128.6802,0.130963023,-151439.7842,56.09922434,-14.4792182
S0_BASE_bs00_E22,ETH.8,2019-03,0.04961857,227596.9597,13128.6802,-0.454092485,-1900102.511,-90.14939828,-89.30314347
S0_BASE_bs00_E22,ETH.8,2019-04,1.795300963,7406741.766,13128.6802,0.004972344,-983764.2254,0.277733587,-11.72473062
S0_BASE_bs00_E22,ETH.8,2018-05,2.579547472,10175490.9,13128.6802,0.014130065,836795.3854,0.550790085,8.960516856
S0_BASE_bs00_E22,ETH.8,2018-06,2.991257224,10157646.03,13128.6802,0.324311109,1468009.175,12.16039227,16.89379198
S0_BASE_bs00_E22,ETH.8,2018-07,1.192007433,3509055.494,13128.6802,0.18370473,803939.4586,18.21920431,29.71922269
S0_BASE_bs00_E22,ETH.8,2018-08,0.608050148,2279609.609,13128.6802,-0.021669441,23129.42706,-3.441125474,1.025022388
S0_BASE_bs00_E22,ETH.8,2018-09,1.037078626,4329103.386,13128.6802,-0.122084031,-124892.2959,-10.53208796,-2.804050672
S0_BASE_bs00_E22,ETH.8,2018-10,1.642319588,7261154.874,13128.6802,-0.153963942,-721899.7499,-8.571249418,-9.042901295
S0_BASE_bs00_E22,ETH.8,2018-11,1.864136408,9389494.97,13128.6802,-0.350352508,-2804113.089,-15.82091946,-22.99658211
S0_BASE_bs00_E22,ETH.8,2018-12,1.085250481,4998059.061,13128.6802,-0.201724358,-1256532.517,-15.67430471,-20.08976128
S0_BASE_bs00_E23,ETH.8,2019-01,0.341405093,1094022.307,13128.6802,-0.080502799,-823356.0066,-19.08065724,-42.94176068
S0_BASE_bs00_E23,ETH.8,2019-02,0.525281434,1498864.558,13128.6802,0.291832533,452953.2245,125.0091696,43.30703856
S0_BASE_bs00_E23,ETH.8,2019-03,0.1938286,537630.4768,13128.6802,-0.309882455,-1590068.994,-61.5198837,-74.7318414
S0_BASE_bs00_E23,ETH.8,2019-04,3.149466244,16205213.42,13128.6802,1.359137624,7814707.425,75.91553917,93.13749889
S0_BASE_bs00_E23,ETH.8,2018-05,2.56778596,10195044.88,13128.6802,0.002368553,856349.3711,0.092326218,9.169903548
S0_BASE_bs00_E23,ETH.8,2018-06,2.847185946,9557244.008,13128.6802,0.180239832,867607.1527,6.75828548,9.984389073
S0_BASE_bs00_E23,ETH.8,2018-07,0.96155479,2503706.405,13128.6802,-0.046747913,-201409.6303,-4.636297514,-7.44550798
S0_BASE_bs00_E23,ETH.8,2018-08,0.619258723,2217590.159,13128.6802,-0.010460867,-38890.02306,-1.661194415,-1.723481702
S0_BASE_bs00_E23,ETH.8,2018-09,1.428987524,5255617.741,13128.6802,0.269824867,801622.0582,23.27756725,17.99781848
S0_BASE_bs00_E23,ETH.8,2018-10,1.888636999,8025016.714,13128.6802,0.09235347,41962.08996,5.141363721,0.525639519
S0_BASE_bs00_E23,ETH.8,2018-11,2.19346829,12166487.52,13128.6802,-0.021020626,-27120.53497,-0.949231479,-0.222415997
S0_BASE_bs00_E23,ETH.8,2018-12,0.846325814,3141588.789,13128.6802,-0.440649025,-3113002.789,-34.23913286,-49.77147988
S0_BASE_bs00_E24,ETH.8,2019-01,0.302488721,1292424.18,13128.6802,-0.119419171,-624954.1337,-28.3045597,-32.5942006
S0_BASE_bs00_E24,ETH.8,2019-02,0.044943194,199846.9999,13128.6802,-0.188505707,-846064.3335,-80.74816633,-80.89254858
S0_BASE_bs00_E24,ETH.8,2019-03,0.504312483,2436474.681,13128.6802,6.01E-04,308775.2099,0.119399477,14.51216274
S0_BASE_bs00_E24,ETH.8,2019-04,2.717495753,14190713.77,13128.6802,0.927167134,5800207.78,51.7875391,69.12822404
S0_BASE_bs00_E24,ETH.8,2018-05,2.554200306,10093434.24,13128.6802,-0.011217101,754738.7297,-0.437242743,8.081843216
S0_BASE_bs00_E24,ETH.8,2018-06,2.810127118,9693147.716,13128.6802,0.143181003,1003510.861,5.368725025,11.54836362
S0_BASE_bs00_E24,ETH.8,2018-07,1.087547564,3009867.734,13128.6802,0.079244861,304751.6989,7.859233255,11.2657533
S0_BASE_bs00_E24,ETH.8,2018-08,0.569089832,2376765.477,13128.6802,-0.060629757,120285.2946,-9.628056418,5.33066036
S0_BASE_bs00_E24,ETH.8,2018-09,1.212110323,4586716.415,13128.6802,0.052947666,132720.7322,4.567751206,2.979812773
S0_BASE_bs00_E24,ETH.8,2018-10,1.819138486,8327395.737,13128.6802,0.022854957,344341.1137,1.272346861,4.313400445
S0_BASE_bs00_E24,ETH.8,2018-11,2.277912406,13166706.31,13128.6802,0.06342349,973098.2519,2.864023832,7.980396345
S0_BASE_bs00_E24,ETH.8,2018-12,1.401580584,8576698.909,13128.6802,0.114605746,2322107.331,8.905049434,37.12644227
S0_BASE_bs00_E25,ETH.8,2019-01,0.197993877,483209.888,13128.6802,-0.223914015,-1434168.425,-53.07177685,-74.79840652
S0_BASE_bs00_E25,ETH.8,2019-02,0.048979976,159780.5644,13128.6802,-0.184468925,-886130.769,-79.01897339,-84.72331647
S0_BASE_bs00_E25,ETH.8,2019-03,0.052622526,201364.4888,13128.6802,-0.451088528,-1926334.982,-89.55303331,-90.53604649
S0_BASE_bs00_E25,ETH.8,2019-04,1.279724467,5302131.595,13128.6802,-0.510604152,-3088374.397,-28.52013573,-36.80796367
S0_BASE_bs00_E25,ETH.8,2018-05,2.586306765,10192714.29,13128.6802,0.020889358,854018.7745,0.814267414,9.144947208
S0_BASE_bs00_E25,ETH.8,2018-06,2.961741638,10050375.99,13128.6802,0.294795523,1360739.139,11.05367378,15.65933262
S0_BASE_bs00_E25,ETH.8,2018-07,1.144433504,3410617.266,13128.6802,0.136130801,705501.2314,13.50098544,26.08025764
S0_BASE_bs00_E25,ETH.8,2018-08,0.527988111,2101570.509,13128.6802,-0.101731479,-154909.6731,-16.15504428,-6.865102308
S0_BASE_bs00_E25,ETH.8,2018-09,1.172557842,4272357.108,13128.6802,0.013395185,-181638.5739,1.155591449,-4.078103951
S0_BASE_bs00_E25,ETH.8,2018-10,1.559442182,6844238.919,13128.6802,-0.236841347,-1138815.705,-13.18507594,-14.26541291
S0_BASE_bs00_E25,ETH.8,2018-11,2.351423077,13158422.73,13128.6802,0.136934161,964814.6733,6.183555944,7.912462567
S0_BASE_bs00_E25,ETH.8,2018-12,1.131388695,4022291.311,13128.6802,-0.155586143,-2232300.267,-12.08929176,-35.6905841
S0_BASE_bs00_E26,ETH.8,2019-01,0.756061374,3096598.211,13128.6802,0.334153482,1179219.898,79.20057622,61.5016812
S0_BASE_bs00_E26,ETH.8,2019-02,0.57293589,3538776.728,13128.6802,0.339486989,2492865.395,145.4223976,238.3438553
S0_BASE_bs00_E26,ETH.8,2019-03,1.569275597,8662769.391,13128.6802,1.065564543,6535069.92,211.5428149,307.1425269
S0_BASE_bs00_E26,ETH.8,2019-04,0.880410007,2047840.34,13128.6802,-0.909918613,-6342665.652,-50.82411143,-75.593363
S0_BASE_bs00_E26,ETH.8,2018-05,2.547704608,10124546.43,13128.6802,-0.017712799,785850.923,-0.690445108,8.414996741
S0_BASE_bs00_E26,ETH.8,2018-06,2.779729514,9521108.345,13128.6802,0.1127834,831471.4899,4.228934332,9.568541284
S0_BASE_bs00_E26,ETH.8,2018-07,1.130942445,3063589.312,13128.6802,0.122639742,358473.2767,12.1629885,13.25167838
S0_BASE_bs00_E26,ETH.8,2018-08,0.637284269,2313755.375,13128.6802,0.007564679,57275.19288,1.201277448,2.538253752
S0_BASE_bs00_E26,ETH.8,2018-09,1.351248267,5244151.237,13128.6802,0.19208561,790155.5543,16.57106614,17.7403754
S0_BASE_bs00_E26,ETH.8,2018-10,1.775692785,8330519.706,13128.6802,-0.020590744,347465.0826,-1.146296996,4.352532946
S0_BASE_bs00_E26,ETH.8,2018-11,2.342422222,12515444.83,13128.6802,0.127933306,321836.7714,5.77710301,2.639389177
S0_BASE_bs00_E26,ETH.8,2018-12,1.278633706,5167879.512,13128.6802,-0.008341132,-1086712.066,-0.648119308,-17.37462874
S0_BASE_bs00_E27,ETH.8,2019-01,0.373820235,1630752.291,13128.6802,-0.048087657,-286626.0226,-11.397667,-14.94885076
S0_BASE_bs00_E27,ETH.8,2019-02,0.492828292,1686852.656,13128.6802,0.259379391,640941.3229,111.1075659,61.28065567
S0_BASE_bs00_E27,ETH.8,2019-03,0.834975675,2701771.054,13128.6802,0.331264621,574071.5834,65.7648106,26.98085849
S0_BASE_bs00_E27,ETH.8,2019-04,1.134222815,3468951.132,13128.6802,-0.656105804,-4921554.86,-36.64722761,-58.65623437
S0_BASE_bs00_E27,ETH.8,2018-05,2.601832563,10238259.59,13128.6802,0.036415156,899564.0744,1.419463205,9.632652369
S0_BASE_bs00_E27,ETH.8,2018-06,2.752499355,9499844.563,13128.6802,0.085553241,810207.7076,3.207910368,9.323838511
S0_BASE_bs00_E27,ETH.8,2018-07,1.115899975,3055767.211,13128.6802,0.107597272,350651.1756,10.67112795,12.96251884
S0_BASE_bs00_E27,ETH.8,2018-08,0.648249029,2787089.645,13128.6802,0.018529439,530609.463,2.942490484,23.51491793
S0_BASE_bs00_E27,ETH.8,2018-09,1.191525109,4166798.244,13128.6802,0.032362452,-287197.4384,2.791881871,-6.448085245
S0_BASE_bs00_E27,ETH.8,2018-10,1.713481633,7156958.369,13128.6802,-0.082801896,-826096.2545,-4.609622866,-10.34812228
S0_BASE_bs00_E27,ETH.8,2018-11,1.797216763,8466188.955,13128.6802,-0.417272152,-3727419.104,-18.84281964,-30.56863142
S0_BASE_bs00_E27,ETH.8,2018-12,0.661980245,2619492.181,13128.6802,-0.624994594,-3635099.397,-48.56307794,-58.11889316
S0_BASE_bs00_E28,ETH.8,2019-01,0.172613159,946053.7367,13128.6802,-0.249294733,-971324.5766,-59.08747796,-50.65899462
S0_BASE_bs00_E28,ETH.8,2019-02,0.240383399,1484658.979,13128.6802,0.006934498,438747.6455,2.970456358,41.94883748
S0_BASE_bs00_E28,ETH.8,2019-03,0.806669763,3137997.316,13128.6802,0.302958709,1010297.845,60.14533659,47.48310833
S0_BASE_bs00_E28,ETH.8,2019-04,2.938590615,14820766.9,13128.6802,1.148261995,6430260.91,64.13694015,76.63734363
S0_BASE_bs00_E28,ETH.8,2018-05,2.570642079,10183366.37,13128.6802,0.005224672,844670.8548,0.203657782,9.044848435
S0_BASE_bs00_E28,ETH.8,2018-06,2.584880778,8683844.257,13128.6802,-0.082065336,-5792.597699,-3.077127648,-0.066660987
S0_BASE_bs00_E28,ETH.8,2018-07,0.823582976,1982667.847,13128.6802,-0.184719727,-722448.1882,-18.31986828,-26.70673564
S0_BASE_bs00_E28,ETH.8,2018-08,0.618382174,2100848.326,13128.6802,-0.011337415,-155631.8563,-1.800391077,-6.897107162
S0_BASE_bs00_E28,ETH.8,2018-09,1.214981157,4346986.862,13128.6802,0.0558185,-107008.8202,4.815415623,-2.402535338
S0_BASE_bs00_E28,ETH.8,2018-10,1.539702436,6288356.228,13128.6802,-0.256581094,-1694698.396,-14.28399746,-21.22869598
S0_BASE_bs00_E28,ETH.8,2018-11,1.843716245,9437640.232,13128.6802,-0.37077267,-2755967.827,-16.74303573,-22.60174194
S0_BASE_bs00_E28,ETH.8,2018-12,0.866949046,3398097.716,13128.6802,-0.420025792,-2856493.862,-32.63667477,-45.67034995
S0_BASE_bs00_E29,ETH.8,2019-01,0.79941792,3984576.232,13128.6802,0.377510028,2067197.919,89.47688241,107.8137739
S0_BASE_bs00_E29,ETH.8,2019-02,0.210807004,779674.4196,13128.6802,-0.022641897,-266236.9138,-9.698866206,-25.45501758
S0_BASE_bs00_E29,ETH.8,2019-03,2.264270648,12497348.27,13128.6802,1.760559594,10369648.8,349.51776,487.3643547
S0_BASE_bs00_E29,ETH.8,2019-04,3.118566973,15106663.67,13128.6802,1.328238353,6716157.68,74.18963974,80.04472778
S0_BASE_bs00_E29,ETH.8,2018-05,2.595002869,10248900.22,13128.6802,0.029585462,910204.7099,1.153241638,9.746593717
S0_BASE_bs00_E29,ETH.8,2018-06,2.419213908,8105645.76,13128.6802,-0.247732206,-583991.0951,-9.288984308,-6.72054661
S0_BASE_bs00_E29,ETH.8,2018-07,1.114691528,2983788.95,13128.6802,0.106388825,278672.915,10.5512784,10.30169913
S0_BASE_bs00_E29,ETH.8,2018-08,0.623111301,2468849.73,13128.6802,-0.006608289,212369.5482,-1.049401799,9.411540587
S0_BASE_bs00_E29,ETH.8,2018-09,1.274782479,4440221.353,13128.6802,0.115619822,-13774.32892,9.974426057,-0.309257797
S0_BASE_bs00_E29,ETH.8,2018-10,2.005069997,9723390.247,13128.6802,0.208786468,1740335.623,11.62324681,21.80037222
S0_BASE_bs00_E29,ETH.8,2018-11,2.275215359,12813316.13,13128.6802,0.060726443,619708.0742,2.742232876,5.082237113
S0_BASE_bs00_E29,ETH.8,2018-12,1.332791064,6481227.066,13128.6802,0.045816225,226635.4883,3.559993872,3.623505796
S0_BASE_bs00_E03,ETH.8,2019-01,0.543865367,1497391.747,13128.6802,0.121957475,-419986.5666,28.90618475,-21.90420971
S0_BASE_bs00_E03,ETH.8,2019-02,0.224776992,723586.8255,13128.6802,-0.008671909,-322324.5079,-3.71469266,-30.81757484
S0_BASE_bs00_E03,ETH.8,2019-03,0.257578452,1018233.518,13128.6802,-0.246132603,-1109465.953,-48.86384776,-52.14392201
S0_BASE_bs00_E03,ETH.8,2019-04,1.01000914,3483874.211,13128.6802,-0.78031948,-4906631.78,-43.58526537,-58.47837765
S0_BASE_bs00_E03,ETH.8,2018-05,2.559757027,10105420.3,13128.6802,-0.00566038,766724.7871,-0.220641694,8.210191521
S0_BASE_bs00_E03,ETH.8,2018-06,2.982931261,10124493.85,13128.6802,0.315985147,1434856.993,11.8482014,16.51227798
S0_BASE_bs00_E03,ETH.8,2018-07,1.120728894,3050378.89,13128.6802,0.112426191,345262.8554,11.1500436,12.76332885
S0_BASE_bs00_E03,ETH.8,2018-08,0.547111963,2172558.993,13128.6802,-0.082607627,-83921.18966,-13.11816054,-3.719119287
S0_BASE_bs00_E03,ETH.8,2018-09,1.149345328,3762671.539,13128.6802,-0.009817329,-691324.1432,-0.846932845,-15.52143721
S0_BASE_bs00_E03,ETH.8,2018-10,1.614050908,4801366.457,13128.6802,-0.182232621,-3181688.167,-10.14498091,-39.85552294
S0_BASE_bs00_E03,ETH.8,2018-11,1.712831549,10328175.45,13128.6802,-0.501657367,-1865432.614,-22.65341513,-15.29844657
S0_BASE_bs00_E03,ETH.8,2018-12,1.355706535,7176016.392,13128.6802,0.068731696,921424.8148,5.340562554,14.73197416
S0_BASE_bs00_E30,ETH.8,2019-01,0.221753709,906417.2724,13128.6802,-0.200154183,-1010961.041,-47.44025582,-52.72621652
S0_BASE_bs00_E30,ETH.8,2019-02,0.154724076,879011.9055,13128.6802,-0.078724825,-166899.4279,-33.72250824,-15.95732091
S0_BASE_bs00_E30,ETH.8,2019-03,0.659430678,3354459.575,13128.6802,0.155719624,1226760.104,30.91447424,57.65664374
S0_BASE_bs00_E30,ETH.8,2019-04,2.925411567,16236328.1,13128.6802,1.135082947,7845822.11,63.40081563,93.50833094
S0_BASE_bs00_E30,ETH.8,2018-05,2.566842784,10178731.28,13128.6802,0.001425377,840035.7677,0.05556122,8.995215303
S0_BASE_bs00_E30,ETH.8,2018-06,2.247436677,7241023.324,13128.6802,-0.419509437,-1448613.531,-15.72995551,-16.67058768
S0_BASE_bs00_E30,ETH.8,2018-07,1.043955372,2864176.662,13128.6802,0.035652669,159060.6269,3.535909323,5.879992755
S0_BASE_bs00_E30,ETH.8,2018-08,0.6425644,2945041.834,13128.6802,0.01284481,688561.6515,2.039766686,30.51485481
S0_BASE_bs00_E30,ETH.8,2018-09,1.26730608,5171572.859,13128.6802,0.108143423,717577.1772,9.329443341,16.11086378
S0_BASE_bs00_E30,ETH.8,2018-10,1.909261381,9432134.846,13128.6802,0.112977852,1449080.222,6.289533361,18.15195173
S0_BASE_bs00_E30,ETH.8,2018-11,2.242399312,13304045.18,13128.6802,0.027910396,1110437.117,1.260353854,9.106714858
S0_BASE_bs00_E30,ETH.8,2018-12,0.94174768,3032277.8,13128.6802,-0.345227159,-3222313.777,-26.82470151,-51.51917176
S0_BASE_bs00_E31,ETH.8,2019-01,0.265626306,633379.1036,13128.6802,-0.156281586,-1283999.21,-37.04163615,-66.9663989
S0_BASE_bs00_E31,ETH.8,2019-02,0.230276336,833979.0005,13128.6802,-0.003172565,-211932.333,-1.358997627,-20.26293493
S0_BASE_bs00_E31,ETH.8,2019-03,0.90428124,2568709.422,13128.6802,0.400570185,441009.9514,79.52380275,20.72707905
S0_BASE_bs00_E31,ETH.8,2019-04,0.935651432,4114773.435,13128.6802,-0.854677188,-4275732.557,-47.73856478,-50.95917411
S0_BASE_bs00_E31,ETH.8,2018-05,2.576850573,10210781.51,13128.6802,0.011433166,872086.0022,0.445664929,9.338413498
S0_BASE_bs00_E31,ETH.8,2018-06,2.993598902,10302854.35,13128.6802,0.326652788,1613217.496,12.24819602,18.56484366
S0_BASE_bs00_E31,ETH.8,2018-07,1.201316683,3811539.779,13128.6802,0.19301398,1106423.744,19.14246378,40.90115655
S0_BASE_bs00_E31,ETH.8,2018-08,0.564282536,2127166.991,13128.6802,-0.065437054,-129313.1917,-10.39145912,-5.730747948
S0_BASE_bs00_E31,ETH.8,2018-09,0.972155686,3600496.583,13128.6802,-0.187006971,-853499.0993,-16.13293608,-19.16254887
S0_BASE_bs00_E31,ETH.8,2018-10,1.728445912,7364472.188,13128.6802,-0.067837618,-618582.4358,-3.776554006,-7.748693514
S0_BASE_bs00_E31,ETH.8,2018-11,2.149759017,11105642.42,13128.6802,-0.064729899,-1087965.637,-2.923017511,-8.922425843
S0_BASE_bs00_E31,ETH.8,2018-12,0.9565924,3626944.954,13128.6802,-0.330382438,-2627646.623,-25.671243,-42.01148214
S0_BASE_bs00_E32,ETH.8,2019-01,0.255821724,1505516.208,13128.6802,-0.166086168,-411862.1054,-39.36550394,-21.4804821
S0_BASE_bs00_E32,ETH.8,2019-02,0.083994433,406060.7168,13128.6802,-0.149454468,-639850.6166,-64.02020608,-61.17637281
S0_BASE_bs00_E32,ETH.8,2019-03,0.65714471,2005716.839,13128.6802,0.153433656,-121982.6319,30.4606489,-5.733076198
S0_BASE_bs00_E32,ETH.8,2019-04,2.928309314,14346789.43,13128.6802,1.137980695,5956283.437,63.56267126,70.98836999
S0_BASE_bs00_E32,ETH.8,2018-05,2.573004379,10166167.44,13128.6802,0.007586972,827471.9311,0.295740256,8.86068006
S0_BASE_bs00_E32,ETH.8,2018-06,2.783210247,9583158.499,13128.6802,0.116264133,893521.6435,4.359448139,10.28261202
S0_BASE_bs00_E32,ETH.8,2018-07,1.201808687,3535662.397,13128.6802,0.193505984,830546.3625,19.19125907,30.70279987
S0_BASE_bs00_E32,ETH.8,2018-08,0.723236955,2354812.969,13128.6802,0.093517365,98332.7866,14.85063614,4.357795268
S0_BASE_bs00_E32,ETH.8,2018-09,1.256816214,4764933.708,13128.6802,0.097653557,310938.0254,8.424491261,6.981102982
S0_BASE_bs00_E32,ETH.8,2018-10,1.778496363,7501247.988,13128.6802,-0.017787166,-481806.6357,-0.990220417,-6.035366891
S0_BASE_bs00_E32,ETH.8,2018-11,1.864596282,9634870.095,13128.6802,-0.349892634,-2558737.964,-15.80015287,-20.98425627
S0_BASE_bs00_E32,ETH.8,2018-12,0.963602787,4369592.667,13128.6802,-0.323372051,-1884998.91,-25.12652474,-30.13784172
S0_BASE_bs00_E33,ETH.8,2019-01,0.213116755,481298.702,13128.6802,-0.208791137,-1436079.611,-49.48737402,-74.89808356
S0_BASE_bs00_E33,ETH.8,2019-02,0.045692813,191350.7632,13128.6802,-0.187756088,-854560.5702,-80.42705998,-81.70487716
S0_BASE_bs00_E33,ETH.8,2019-03,0.970140606,3047552.205,13128.6802,0.466429552,919852.734,92.59863331,43.23226784
S0_BASE_bs00_E33,ETH.8,2019-04,1.537397864,5973165.511,13128.6802,-0.252930756,-2417340.481,-14.12761617,-28.81042554
S0_BASE_bs00_E33,ETH.8,2018-05,2.552279797,10084535.39,13128.6802,-0.01313761,745839.8738,-0.512104195,7.986553078
S0_BASE_bs00_E33,ETH.8,2018-06,2.926029078,10046205.74,13128.6802,0.259082963,1356568.886,9.714593104,15.61134152
S0_BASE_bs00_E33,ETH.8,2018-07,1.156471689,3462837.396,13128.6802,0.148168986,757721.361,14.69489123,28.0106787
S0_BASE_bs00_E33,ETH.8,2018-08,0.569430108,2248030.619,13128.6802,-0.060289482,-8449.563683,-9.574020385,-0.374457695
S0_BASE_bs00_E33,ETH.8,2018-09,1.047244891,4000230.132,13128.6802,-0.111917766,-453765.5508,-9.655052751,-10.18783095
S0_BASE_bs00_E33,ETH.8,2018-10,1.398802176,6317286.62,13128.6802,-0.397481353,-1665768.004,-22.12798519,-20.86629846
S0_BASE_bs00_E33,ETH.8,2018-11,1.989212646,10233765.56,13128.6802,-0.22527627,-1959842.503,-10.17283346,-16.07270378
S0_BASE_bs00_E33,ETH.8,2018-12,0.981351994,3904659.013,13128.6802,-0.305622845,-2349932.565,-23.74738306,-37.57131917
S0_BASE_bs00_E34,ETH.8,2019-01,0.218425359,1289494.556,13128.6802,-0.203482533,-627883.757,-48.22913653,-32.74699378
S0_BASE_bs00_E34,ETH.8,2019-02,0.14831566,898348.5753,13128.6802,-0.085133241,-147562.7581,-36.46761266,-14.10853419
S0_BASE_bs00_E34,ETH.8,2019-03,0.078831378,466399.0442,13128.6802,-0.424879676,-1661300.427,-84.34988121,-78.07965596
S0_BASE_bs00_E34,ETH.8,2019-04,2.056237263,11601954.84,13128.6802,0.265908644,3211448.849,14.85250479,38.27479358
S0_BASE_bs00_E34,ETH.8,2018-05,2.585934282,10230733.05,13128.6802,0.020516875,892037.5412,0.799748017,9.552057245
S0_BASE_bs00_E34,ETH.8,2018-06,3.015787177,10266547.42,13128.6802,0.348841062,1576910.565,13.08016913,18.14702491
S0_BASE_bs00_E34,ETH.8,2018-07,1.112688182,3065468.888,13128.6802,0.104385479,360352.8527,10.35259342,13.32116065
S0_BASE_bs00_E34,ETH.8,2018-08,0.519976694,1988889.705,13128.6802,-0.109742895,-267590.4775,-17.42726396,-11.85875593
S0_BASE_bs00_E34,ETH.8,2018-09,1.065752113,3691435.935,13128.6802,-0.093410544,-762559.7477,-8.058450034,-17.12080123
S0_BASE_bs00_E34,ETH.8,2018-10,2.032682193,9906039.364,13128.6802,0.236398664,1922984.74,13.16043153,24.08833248
S0_BASE_bs00_E34,ETH.8,2018-11,1.680189916,8797371.135,13128.6802,-0.534299,-3396236.924,-24.12741812,-27.85260037
S0_BASE_bs00_E34,ETH.8,2018-12,0.61661945,3891489.027,13128.6802,-0.670355389,-2363102.55,-52.08768412,-37.78188426
S0_BASE_bs00_E04,ETH.8,2019-01,0.322852,962180.35,13128.6802,-0.099055892,-955197.9634,-23.47808475,-49.81791839
S0_BASE_bs00_E04,ETH.8,2019-02,0.091552883,221560.58,13128.6802,-0.141896018,-824350.7534,-60.78247423,-78.81650453
S0_BASE_bs00_E04,ETH.8,2019-03,0.244756738,705180.5539,13128.6802,-0.258954316,-1422518.917,-51.40929784,-66.85713544
S0_BASE_bs00_E04,ETH.8,2019-04,1.259156793,3724623.138,13128.6802,-0.531171826,-4665882.854,-29.66895689,-55.609076
S0_BASE_bs00_E04,ETH.8,2018-05,2.568131836,10154801.86,13128.6802,0.002714428,816106.3459,0.105808452,8.738975854
S0_BASE_bs00_E04,ETH.8,2018-06,2.945666998,9894298.347,13128.6802,0.278720884,1204661.492,10.45093796,13.86319719
S0_BASE_bs00_E04,ETH.8,2018-07,0.985017202,2595680.17,13128.6802,-0.023285501,-109435.8648,-2.309376084,-4.045514623
S0_BASE_bs00_E04,ETH.8,2018-08,0.574909109,2390396.366,13128.6802,-0.054810481,133916.1834,-8.703950428,5.93473785
S0_BASE_bs00_E04,ETH.8,2018-09,1.505859966,6094754.896,13128.6802,0.346697309,1640759.213,29.90928896,36.83791656
S0_BASE_bs00_E04,ETH.8,2018-10,1.910797405,7760666.691,13128.6802,0.114513876,-222387.9329,6.375044568,-2.785749859
S0_BASE_bs00_E04,ETH.8,2018-11,2.494091707,14370520.64,13128.6802,0.279602791,2176912.582,12.62606414,17.85289942
S0_BASE_bs00_E04,ETH.8,2018-12,1.597586867,8435685.5,13128.6802,0.310612028,2181093.923,24.13505058,34.87188405
S0_BASE_bs00_E05,ETH.8,2019-01,0.495597646,1565974.863,13128.6802,0.073689754,-351403.4507,17.46583914,-18.32728827
S0_BASE_bs00_E05,ETH.8,2019-02,0.117645894,283519.2411,13128.6802,-0.115803007,-762392.0923,-49.60529118,-72.89261221
S0_BASE_bs00_E05,ETH.8,2019-03,0.396189109,1945748.668,13128.6802,-0.107521945,-181950.8025,-21.34595695,-8.551527363
S0_BASE_bs00_E05,ETH.8,2019-04,2.460543895,13256136.17,13128.6802,0.670215275,4865630.176,37.43532155,57.989711
S0_BASE_bs00_E05,ETH.8,2018-05,2.590052466,10260549.21,13128.6802,0.024635059,921853.697,0.960274864,9.871332628
S0_BASE_bs00_E05,ETH.8,2018-06,2.875342906,9722098.45,13128.6802,0.208396792,1032461.595,7.814060838,11.88152753
S0_BASE_bs00_E05,ETH.8,2018-07,1.147765028,3236016.645,13128.6802,0.139462325,530900.6099,13.83139458,19.62579805
S0_BASE_bs00_E05,ETH.8,2018-08,0.562743685,2222310.734,13128.6802,-0.066975904,-34169.44857,-10.63582991,-1.514280907
S0_BASE_bs00_E05,ETH.8,2018-09,1.197888154,4665409.732,13128.6802,0.038725497,211414.0499,3.340816478,4.74661551
S0_BASE_bs00_E05,ETH.8,2018-10,1.656818804,7869232.103,13128.6802,-0.139464726,-113822.5203,-7.764070847,-1.425801597
S0_BASE_bs00_E05,ETH.8,2018-11,2.556261963,14511564.18,13128.6802,0.341773047,2317956.124,15.43349549,19.00960005
S0_BASE_bs00_E05,ETH.8,2018-12,2.133725677,12064041.2,13128.6802,0.846750838,5809449.621,65.79389224,92.88295725
S0_BASE_bs00_E06,ETH.8,2019-01,0.405375833,1468317.563,13128.6802,-0.016532059,-449060.7506,-3.918404824,-23.42056064
S0_BASE_bs00_E06,ETH.8,2019-02,0.18182773,959674.9114,13128.6802,-0.051621171,-86236.42201,-22.11240686,-8.245098725
S0_BASE_bs00_E06,ETH.8,2019-03,0.112301792,272563.3168,13128.6802,-0.391409262,-1855136.154,-77.70511667,-87.18976432
S0_BASE_bs00_E06,ETH.8,2019-04,2.427130759,14889402.54,13128.6802,0.636802139,6498896.544,35.56900853,77.45535908
S0_BASE_bs00_E06,ETH.8,2018-05,2.556097562,10125480.98,13128.6802,-0.009319845,786785.4687,-0.363287663,8.425003982
S0_BASE_bs00_E06,ETH.8,2018-06,2.660259128,9316589.074,13128.6802,-0.006686986,626952.219,-0.250735714,7.214941539
S0_BASE_bs00_E06,ETH.8,2018-07,1.00933424,2744586.636,13128.6802,0.001031537,39470.60119,0.102304318,1.459109357
S0_BASE_bs00_E06,ETH.8,2018-08,0.65879415,2249434.258,13128.6802,0.029074561,-7045.924065,4.617064673,-0.312252867
S0_BASE_bs00_E06,ETH.8,2018-09,1.30249458,5412970.527,13128.6802,0.143331924,958974.8446,12.36512604,21.53066399
S0_BASE_bs00_E06,ETH.8,2018-10,1.983964322,9526113.57,13128.6802,0.187680793,1543058.946,10.44828335,19.32917935
S0_BASE_bs00_E06,ETH.8,2018-11,2.092971995,12499749.01,13128.6802,-0.121516921,306140.9552,-5.487357388,2.510667505
S0_BASE_bs00_E06,ETH.8,2018-12,1.278724447,6840224.543,13128.6802,-0.008250391,585632.9655,-0.641068587,9.363248714
S0_BASE_bs00_E07,ETH.8,2019-01,0.489504754,3894812.604,13128.6802,0.067596862,1977434.291,16.02171079,103.1321924
S0_BASE_bs00_E07,ETH.8,2019-02,0.048002407,210074.6465,13128.6802,-0.185446494,-835836.6869,-79.43772425,-79.91467921
S0_BASE_bs00_E07,ETH.8,2019-03,0.037351212,158595.1883,13128.6802,-0.466359843,-1969104.282,-92.58479412,-92.54616592
S0_BASE_bs00_E07,ETH.8,2019-04,0.70381509,1251559.761,13128.6802,-1.08651353,-7138946.231,-60.68793841,-85.08361996
S0_BASE_bs00_E07,ETH.8,2018-05,2.582070255,10182519.93,13128.6802,0.016652848,843824.4208,0.649128198,9.035784707
S0_BASE_bs00_E07,ETH.8,2018-06,3.009918992,10213420.85,13128.6802,0.342972878,1523783.995,12.86013527,17.53564643
S0_BASE_bs00_E07,ETH.8,2018-07,1.156300304,3259320.221,13128.6802,0.147997601,554204.1865,14.6778939,20.48726115
S0_BASE_bs00_E07,ETH.8,2018-08,0.643155824,2454821.884,13128.6802,0.013436235,198341.7014,2.133685374,8.78987119
S0_BASE_bs00_E07,ETH.8,2018-09,1.250347889,4885876.111,13128.6802,0.091185232,431880.4291,7.866474222,9.696471661
S0_BASE_bs00_E07,ETH.8,2018-10,1.771310903,8446171.158,13128.6802,-0.024972627,463116.5339,-1.390238589,5.801244708
S0_BASE_bs00_E07,ETH.8,2018-11,1.97263343,11338533.22,13128.6802,-0.241855486,-855074.8441,-10.92150357,-7.012484245
S0_BASE_bs00_E07,ETH.8,2018-12,1.687376059,10402741.41,13128.6802,0.40040122,4148149.828,31.11181417,66.32167387
S0_BASE_bs00_E08,ETH.8,2019-01,0.239527201,506131.3116,13128.6802,-0.182380691,-1411247.002,-43.22760842,-73.60295003
S0_BASE_bs00_E08,ETH.8,2019-02,0.105684359,247944.5071,13128.6802,-0.127764542,-797966.8263,-54.72912533,-76.29392672
S0_BASE_bs00_E08,ETH.8,2019-03,0.093788196,523395.4689,13128.6802,-0.409922858,-1604304.002,-81.38055634,-75.40087423
S0_BASE_bs00_E08,ETH.8,2019-04,1.001921118,2498270.904,13128.6802,-0.788407502,-5892235.088,-44.03702723,-70.22502688
S0_BASE_bs00_E08,ETH.8,2018-05,2.560914155,10175800.1,13128.6802,-0.004503253,837104.5854,-0.175536844,8.96382781
S0_BASE_bs00_E08,ETH.8,2018-06,2.991986965,10235657.04,13128.6802,0.325040851,1546020.181,12.18775472,17.79153959
S0_BASE_bs00_E08,ETH.8,2018-07,1.118119735,3152909.785,13128.6802,0.109817032,447793.7501,10.89127615,16.55358751
S0_BASE_bs00_E08,ETH.8,2018-08,0.591448581,2340619.835,13128.6802,-0.038271009,84139.6525,-6.077468371,3.728800863
S0_BASE_bs00_E08,ETH.8,2018-09,1.190552321,4672747.522,13128.6802,0.031389664,218751.8394,2.707960222,4.91136173
S0_BASE_bs00_E08,ETH.8,2018-10,1.697639851,7667612.296,13128.6802,-0.098643678,-315442.3282,-5.491542762,-3.951398846
S0_BASE_bs00_E08,ETH.8,2018-11,1.711891269,8882932.289,13128.6802,-0.502597646,-3310675.771,-22.69587546,-27.15091181
S0_BASE_bs00_E08,ETH.8,2018-12,0.731483245,2058087.528,13128.6802,-0.555491593,-4196504.049,-43.1625838,-67.09477346
S0_BASE_bs00_E09,ETH.8,2019-01,0.649275201,3094146.014,13128.6802,0.227367309,1176767.701,53.89027163,61.37378798
S0_BASE_bs00_E09,ETH.8,2019-02,0.214579129,880440.7776,13128.6802,-0.018869772,-165470.5558,-8.083041514,-15.82070588
S0_BASE_bs00_E09,ETH.8,2019-03,1.571309124,7706368.979,13128.6802,1.06759807,5578669.508,211.9465239,262.1925504
S0_BASE_bs00_E09,ETH.8,2019-04,2.933024592,17655526.69,13128.6802,1.142695972,9265020.699,63.82604622,110.4226695
S0_BASE_bs00_E09,ETH.8,2018-05,2.566554791,10160551.09,13128.6802,0.001137383,821855.5782,0.044335213,8.800539403
S0_BASE_bs00_E09,ETH.8,2018-06,2.425795063,8570552.433,13128.6802,-0.241151052,-119084.422,-9.042216871,-1.370418856
S0_BASE_bs00_E09,ETH.8,2018-07,0.912650533,2298949.744,13128.6802,-0.09565217,-406166.2905,-9.486453782,-15.01474559
S0_BASE_bs00_E09,ETH.8,2018-08,0.669711505,1971409.737,13128.6802,0.039991916,-285070.4457,6.350749844,-12.63341233
S0_BASE_bs00_E09,ETH.8,2018-09,1.30273053,3904642.051,13128.6802,0.143567873,-549353.6317,12.3854812,-12.3339507
S0_BASE_bs00_E09,ETH.8,2018-10,1.788237161,7592568.123,13128.6802,-0.008046368,-390486.501,-0.447945326,-4.891442178
S0_BASE_bs00_E09,ETH.8,2018-11,2.627856736,14327433.4,13128.6802,0.41336782,2133825.342,18.66651113,17.49954018
S0_BASE_bs00_E09,ETH.8,2018-12,1.209988459,4751080.085,13128.6802,-0.076986379,-1503511.492,-5.981964599,-24.03852392
