Latitude,Longitude,% Yield Anomaly
10.37500000,29.62500000,-20.50774406
10.12500000,29.62500000,-20.50774406
9.87500000,29.62500000,-79.06000321
9.62500000,29.62500000,-71.38175973
9.37500000,29.62500000,-8.03331947
9.12500000,29.62500000,-7.85375807
8.87500000,29.62500000,-12.69639070
8.62500000,29.62500000,-14.81234605
8.37500000,29.62500000,-26.57795679
8.12500000,29.62500000,-34.48828529
7.87500000,29.62500000,-27.60180060
7.62500000,29.62500000,-26.32927482
7.37500000,29.62500000,-9.40303471
7.12500000,29.62500000,-7.64740333
6.87500000,29.62500000,-6.90033119
6.62500000,29.62500000,-10.22634922
6.37500000,29.62500000,-2.61206791
6.12500000,29.62500000,-2.68125935
5.87500000,29.62500000,-2.74905956
5.62500000,29.62500000,0.73727125
5.37500000,29.62500000,2.11346226
5.12500000,29.62500000,2.91715885
4.87500000,29.62500000,-1.93120420
4.62500000,29.62500000,3.63615013
4.37500000,29.62500000,0.08410054
4.12500000,29.62500000,-0.38556717
3.87500000,29.62500000,0.16330787
3.62500000,29.62500000,1.15250967
10.37500000,29.87500000,-20.50774406
10.12500000,29.87500000,-20.50774406
9.87500000,29.87500000,-79.06000321
9.62500000,29.87500000,-71.38175973
9.37500000,29.87500000,-8.03331947
9.12500000,29.87500000,-7.85375807
8.87500000,29.87500000,-12.69639070
8.62500000,29.87500000,-14.81234605
8.37500000,29.87500000,-26.57795679
8.12500000,29.87500000,-34.48828529
7.87500000,29.87500000,-27.60180060
7.62500000,29.87500000,-26.32927482
7.37500000,29.87500000,-9.40303471
7.12500000,29.87500000,-7.64740333
6.87500000,29.87500000,-6.90033119
6.62500000,29.87500000,-10.22634922
6.37500000,29.87500000,-2.61206791
6.12500000,29.87500000,-2.68125935
5.87500000,29.87500000,-2.74905956
5.62500000,29.87500000,0.73727125
5.37500000,29.87500000,2.11346226
5.12500000,29.87500000,2.91715885
4.87500000,29.87500000,-1.93120420
4.62500000,29.87500000,3.63615013
4.37500000,29.87500000,0.08410054
4.12500000,29.87500000,-0.38556717
3.87500000,29.87500000,0.16330787
3.62500000,29.87500000,1.15250967
10.37500000,30.12500000,-18.48844470
10.12500000,30.12500000,-18.48844470
9.87500000,30.12500000,-12.43844399
9.62500000,30.12500000,-14.47657813
9.37500000,30.12500000,-10.57024101
9.12500000,30.12500000,-4.01435830
8.87500000,30.12500000,-5.32039750
8.62500000,30.12500000,-13.42165993
8.37500000,30.12500000,-16.11353021
8.12500000,30.12500000,-17.62789110
7.87500000,30.12500000,-15.38000270
7.62500000,30.12500000,-15.24442735
7.37500000,30.12500000,-7.40694517
7.12500000,30.12500000,-6.72690533
6.87500000,30.12500000,-18.73251893
6.62500000,30.12500000,-16.21060359
6.37500000,30.12500000,-6.03164465
6.12500000,30.12500000,-3.31914873
5.87500000,30.12500000,2.32401096
5.62500000,30.12500000,4.33896061
5.37500000,30.12500000,2.71115688
5.12500000,30.12500000,6.94884277
4.87500000,30.12500000,3.59796295
4.62500000,30.12500000,4.61159802
4.37500000,30.12500000,1.98337358
4.12500000,30.12500000,1.28256015
3.87500000,30.12500000,1.35976555
3.62500000,30.12500000,2.20899879
10.37500000,30.37500000,-16.42894816
10.12500000,30.37500000,-16.42894816
9.87500000,30.37500000,-16.32360939
9.62500000,30.37500000,-9.20412661
9.37500000,30.37500000,-9.60840609
9.12500000,30.37500000,-5.13534896
8.87500000,30.37500000,-13.49884689
8.62500000,30.37500000,-18.92890482
8.37500000,30.37500000,-18.57843148
8.12500000,30.37500000,-13.75370249
7.87500000,30.37500000,-10.25138403
7.62500000,30.37500000,-9.72003852
7.37500000,30.37500000,-7.53533318
7.12500000,30.37500000,-6.98046796
6.87500000,30.37500000,-15.07449919
6.62500000,30.37500000,-14.96157386
6.37500000,30.37500000,-8.16934292
6.12500000,30.37500000,-3.45336504
5.87500000,30.37500000,2.35115345
5.62500000,30.37500000,3.98949485
5.37500000,30.37500000,2.26384956
5.12500000,30.37500000,6.14227271
4.87500000,30.37500000,0.32764516
4.62500000,30.37500000,2.39155309
4.37500000,30.37500000,1.89833420
4.12500000,30.37500000,2.71910916
3.87500000,30.37500000,0.56020439
3.62500000,30.37500000,       NaN
10.37500000,30.62500000,-7.86986593
10.12500000,30.62500000,-7.86986593
9.87500000,30.62500000,-22.12411998
9.62500000,30.62500000,-21.29049343
9.37500000,30.62500000,-7.43691837
9.12500000,30.62500000,-6.78202776
8.87500000,30.62500000,-9.50214120
8.62500000,30.62500000,-9.17573263
8.37500000,30.62500000,-23.37575886
8.12500000,30.62500000,-18.85456474
7.87500000,30.62500000,-10.81870783
7.62500000,30.62500000,-11.24011481
7.37500000,30.62500000,-17.40866580
7.12500000,30.62500000,-12.94812010
6.87500000,30.62500000,-11.45212659
6.62500000,30.62500000,-3.93133857
6.37500000,30.62500000,-5.53547404
6.12500000,30.62500000,-5.11803688
5.87500000,30.62500000,0.14423093
5.62500000,30.62500000,1.19856803
5.37500000,30.62500000,-8.74494130
5.12500000,30.62500000,4.80436762
4.87500000,30.62500000,-0.67850458
4.62500000,30.62500000,-0.98210723
4.37500000,30.62500000,3.17308212
4.12500000,30.62500000,2.76622561
3.87500000,30.62500000,-2.04208133
3.62500000,30.62500000,       NaN
10.37500000,30.87500000,-12.15442566
10.12500000,30.87500000,-12.15442566
9.87500000,30.87500000,-26.93022783
9.62500000,30.87500000,-17.82659429
9.37500000,30.87500000,-7.89659705
9.12500000,30.87500000,-7.72369099
8.87500000,30.87500000,-9.17573263
8.62500000,30.87500000,-7.21822267
8.37500000,30.87500000,-22.15007846
8.12500000,30.87500000,-27.70163670
7.87500000,30.87500000,-12.44998194
7.62500000,30.87500000,-10.97834654
7.37500000,30.87500000,-17.97694880
7.12500000,30.87500000,-13.49362709
6.87500000,30.87500000,-13.02453094
6.62500000,30.87500000,-7.96134465
6.37500000,30.87500000,1.31851019
6.12500000,30.87500000,-5.57784034
5.87500000,30.87500000,-3.51717852
5.62500000,30.87500000,0.83778717
5.37500000,30.87500000,-2.27927797
5.12500000,30.87500000,0.75994028
4.87500000,30.87500000,-6.94979599
4.62500000,30.87500000,-1.03688613
4.37500000,30.87500000,       NaN
4.12500000,30.87500000,5.15983245
3.87500000,30.87500000,-1.47657100
3.62500000,30.87500000,6.21529126
10.37500000,31.12500000,-27.45806519
10.12500000,31.12500000,-27.45806519
9.87500000,31.12500000,-4.86237311
9.62500000,31.12500000,-1.49209118
9.37500000,31.12500000,-2.73322037
9.12500000,31.12500000,-2.96615023
8.87500000,31.12500000,-17.32941547
8.62500000,31.12500000,-21.20571090
8.37500000,31.12500000,-2.65053772
8.12500000,31.12500000,-7.93581270
7.87500000,31.12500000,-17.43992090
7.62500000,31.12500000,-14.14884928
7.37500000,31.12500000,-12.95749042
7.12500000,31.12500000,-12.81854307
6.87500000,31.12500000,-11.01157596
6.62500000,31.12500000,-10.00058018
6.37500000,31.12500000,-7.92049440
6.12500000,31.12500000,-9.06024015
5.87500000,31.12500000,-15.37135924
5.62500000,31.12500000,-1.23594104
5.37500000,31.12500000,1.73886229
5.12500000,31.12500000,1.03288661
4.87500000,31.12500000,-2.05075266
4.62500000,31.12500000,       NaN
4.37500000,31.12500000,       NaN
4.12500000,31.12500000,       NaN
3.87500000,31.12500000,2.69931445
3.62500000,31.12500000,6.16590846
10.37500000,31.37500000,-25.38517251
10.12500000,31.37500000,-25.38517251
9.87500000,31.37500000,-3.44487628
9.62500000,31.37500000,-2.85905872
9.37500000,31.37500000,-3.37954890
9.12500000,31.37500000,-1.91674116
8.87500000,31.37500000,-15.55458405
8.62500000,31.37500000,-20.03683730
8.37500000,31.37500000,-3.07505972
8.12500000,31.37500000,-0.44577777
7.87500000,31.37500000,-16.42760655
7.62500000,31.37500000,-13.76609143
7.37500000,31.37500000,-14.29071068
7.12500000,31.37500000,-11.93124894
6.87500000,31.37500000,-5.25961864
6.62500000,31.37500000,-12.06459154
6.37500000,31.37500000,-10.02679625
6.12500000,31.37500000,-8.74385282
5.87500000,31.37500000,-15.04093277
5.62500000,31.37500000,-4.14073518
5.37500000,31.37500000,-2.38372000
5.12500000,31.37500000,-3.19846946
4.87500000,31.37500000,-2.29119211
4.62500000,31.37500000,1.11078512
4.37500000,31.37500000,-18.87813994
4.12500000,31.37500000,       NaN
3.87500000,31.37500000,-16.42378537
3.62500000,31.37500000,4.91547336
10.37500000,31.62500000,-33.13935752
10.12500000,31.62500000,-33.13935752
9.87500000,31.62500000,-29.83152240
9.62500000,31.62500000,-52.27042220
9.37500000,31.62500000,-45.47262996
9.12500000,31.62500000,-29.88002180
8.87500000,31.62500000,-19.30757113
8.62500000,31.62500000,-20.47365404
8.37500000,31.62500000,-2.45368386
8.12500000,31.62500000,-1.28029963
7.87500000,31.62500000,-32.11524502
7.62500000,31.62500000,-27.27015308
7.37500000,31.62500000,-12.88653367
7.12500000,31.62500000,-12.19788690
6.87500000,31.62500000,-8.97039052
6.62500000,31.62500000,-2.90491657
6.37500000,31.62500000,-8.84620880
6.12500000,31.62500000,-6.37306900
5.87500000,31.62500000,-7.49518558
5.62500000,31.62500000,-5.11970134
5.37500000,31.62500000,-4.66744130
5.12500000,31.62500000,-8.52505804
4.87500000,31.62500000,-7.27251462
4.62500000,31.62500000,-14.01698832
4.37500000,31.62500000,-6.96680629
4.12500000,31.62500000,-3.26311905
3.87500000,31.62500000,       NaN
3.62500000,31.62500000,4.93034092
10.37500000,31.87500000,-34.87776706
10.12500000,31.87500000,-34.87776706
9.87500000,31.87500000,-47.33235752
9.62500000,31.87500000,-48.51542305
9.37500000,31.87500000,-31.45045621
9.12500000,31.87500000,-28.90923004
8.87500000,31.87500000,-11.98628658
8.62500000,31.87500000,-15.74091392
8.37500000,31.87500000,-2.42091874
8.12500000,31.87500000,-1.97541323
7.87500000,31.87500000,-25.08748716
7.62500000,31.87500000,-22.16856683
7.37500000,31.87500000,-9.63755773
7.12500000,31.87500000,-8.04523450
6.87500000,31.87500000,-7.99912582
6.62500000,31.87500000,-8.44626146
6.37500000,31.87500000,-12.74629527
6.12500000,31.87500000,-8.47268149
5.87500000,31.87500000,-4.03748413
5.62500000,31.87500000,-1.28490807
5.37500000,31.87500000,-4.66744130
5.12500000,31.87500000,-11.55394811
4.87500000,31.87500000,-11.15690052
4.62500000,31.87500000,10.66283816
4.37500000,31.87500000,5.59734075
4.12500000,31.87500000,4.90948189
3.87500000,31.87500000,-3.39523219
3.62500000,31.87500000,-5.72984963
10.37500000,32.12500000,-27.55905207
10.12500000,32.12500000,-27.55905207
9.87500000,32.12500000,-42.78137651
9.62500000,32.12500000,-33.20675108
9.37500000,32.12500000,-4.17020317
9.12500000,32.12500000,-4.68903432
8.87500000,32.12500000,-15.40545488
8.62500000,32.12500000,-17.17886420
8.37500000,32.12500000,-27.83088814
8.12500000,32.12500000,-27.96595093
7.87500000,32.12500000,-23.01124968
7.62500000,32.12500000,-17.98343011
7.37500000,32.12500000,-11.28418015
7.12500000,32.12500000,-14.91642513
6.87500000,32.12500000,-10.55354685
6.62500000,32.12500000,-21.57553630
6.37500000,32.12500000,-9.62858587
6.12500000,32.12500000,-7.73439046
5.87500000,32.12500000,-16.14333225
5.62500000,32.12500000,-12.47795704
5.37500000,32.12500000,-11.88147708
5.12500000,32.12500000,-0.89565535
4.87500000,32.12500000,-9.35939036
4.62500000,32.12500000,3.00661410
4.37500000,32.12500000,       NaN
4.12500000,32.12500000,2.66508314
3.87500000,32.12500000,4.05610410
3.62500000,32.12500000,0.12882010
10.37500000,32.37500000,-19.39051489
10.12500000,32.37500000,-19.39051489
9.87500000,32.37500000,-31.10156653
9.62500000,32.37500000,-32.37094109
9.37500000,32.37500000,-13.88848378
9.12500000,32.37500000,-14.90265137
8.87500000,32.37500000,-21.13817330
8.62500000,32.37500000,-14.75241555
8.37500000,32.37500000,-32.74386593
8.12500000,32.37500000,-27.54297181
7.87500000,32.37500000,-31.40874298
7.62500000,32.37500000,-23.01124968
7.37500000,32.37500000,-16.47482155
7.12500000,32.37500000,-21.70507338
6.87500000,32.37500000,-16.21490581
6.62500000,32.37500000,-14.93736858
6.37500000,32.37500000,-9.79145579
6.12500000,32.37500000,-8.70024469
5.87500000,32.37500000,-10.46236667
5.62500000,32.37500000,-13.82088801
5.37500000,32.37500000,-11.88147708
5.12500000,32.37500000,1.53243608
4.87500000,32.37500000,-9.60950864
4.62500000,32.37500000,-0.93990848
4.37500000,32.37500000,3.67281722
4.12500000,32.37500000,       NaN
3.87500000,32.37500000,5.05190690
3.62500000,32.37500000,5.21450905
10.37500000,32.62500000,-21.50346769
10.12500000,32.62500000,-21.50346769
9.87500000,32.62500000,-27.78745329
9.62500000,32.62500000,-23.25369901
9.37500000,32.62500000,-21.27135839
9.12500000,32.62500000,-21.32215599
8.87500000,32.62500000,-16.61927071
8.62500000,32.62500000,-20.26028976
8.37500000,32.62500000,-19.79066742
8.12500000,32.62500000,-33.02404087
7.87500000,32.62500000,-32.45336971
7.62500000,32.62500000,-18.94586108
7.37500000,32.62500000,-12.78616128
7.12500000,32.62500000,-16.00213634
6.87500000,32.62500000,-10.40423825
6.62500000,32.62500000,-11.11421814
6.37500000,32.62500000,-13.25629545
6.12500000,32.62500000,-13.18530776
5.87500000,32.62500000,-9.12745362
5.62500000,32.62500000,-9.93728881
5.37500000,32.62500000,-17.32940833
5.12500000,32.62500000,-4.64494373
4.87500000,32.62500000,       NaN
4.62500000,32.62500000,-7.44566026
4.37500000,32.62500000,       NaN
4.12500000,32.62500000,       NaN
3.87500000,32.62500000,       NaN
3.62500000,32.62500000,5.39092314
10.37500000,32.87500000,-8.73457578
10.12500000,32.87500000,-8.73457578
9.87500000,32.87500000,-20.11115372
9.62500000,32.87500000,-16.37015707
9.37500000,32.87500000,-13.63397121
9.12500000,32.87500000,-15.32499822
8.87500000,32.87500000,-15.44152655
8.62500000,32.87500000,-16.13743717
8.37500000,32.87500000,-8.77946321
8.12500000,32.87500000,-10.06004046
7.87500000,32.87500000,-17.25436823
7.62500000,32.87500000,-11.08220693
7.37500000,32.87500000,-5.44852837
7.12500000,32.87500000,-13.44595268
6.87500000,32.87500000,-6.89255801
6.62500000,32.87500000,-9.42464658
6.37500000,32.87500000,-14.96769828
6.12500000,32.87500000,-14.14919973
5.87500000,32.87500000,-9.28660131
5.62500000,32.87500000,-9.75294989
5.37500000,32.87500000,-17.66075190
5.12500000,32.87500000,-13.83280281
4.87500000,32.87500000,-10.96654566
4.62500000,32.87500000,       NaN
4.37500000,32.87500000,       NaN
4.12500000,32.87500000,       NaN
3.87500000,32.87500000,       NaN
3.62500000,32.87500000,10.61303213
10.37500000,33.12500000,-8.82361399
10.12500000,33.12500000,-8.82361399
9.87500000,33.12500000,-7.27587571
9.62500000,33.12500000,-1.00282033
9.37500000,33.12500000,-12.06984539
9.12500000,33.12500000,-9.06472568
8.87500000,33.12500000,-6.28223187
8.62500000,33.12500000,-5.52119006
8.37500000,33.12500000,-1.43986694
8.12500000,33.12500000,-2.07975870
7.87500000,33.12500000,-20.23815002
7.62500000,33.12500000,-19.40162980
7.37500000,33.12500000,-15.66306088
7.12500000,33.12500000,-19.59762355
6.87500000,33.12500000,3.02133587
6.62500000,33.12500000,-1.64828812
6.37500000,33.12500000,-26.63613493
6.12500000,33.12500000,-23.93250837
5.87500000,33.12500000,-14.58287352
5.62500000,33.12500000,-11.90257477
5.37500000,33.12500000,0.18672793
5.12500000,33.12500000,-5.35253085
4.87500000,33.12500000,-18.39822058
4.62500000,33.12500000,-13.69349353
4.37500000,33.12500000,       NaN
4.12500000,33.12500000,-28.17293086
3.87500000,33.12500000,10.48722219
3.62500000,33.12500000,-15.33821926
10.37500000,33.37500000,-5.60267647
10.12500000,33.37500000,-5.60267647
9.87500000,33.37500000,-1.92471870
9.62500000,33.37500000,1.24218420
9.37500000,33.37500000,-8.62736078
9.12500000,33.37500000,-7.48432967
8.87500000,33.37500000,-6.67257417
8.62500000,33.37500000,-6.11823673
8.37500000,33.37500000,-1.92684716
8.12500000,33.37500000,-1.12669237
7.87500000,33.37500000,-12.04864618
7.62500000,33.37500000,-18.31908244
7.37500000,33.37500000,-13.50709026
7.12500000,33.37500000,-18.37676649
6.87500000,33.37500000,1.49141650
6.62500000,33.37500000,-4.08099508
6.37500000,33.37500000,-22.65446102
6.12500000,33.37500000,-20.51027066
5.87500000,33.37500000,-22.46288161
5.62500000,33.37500000,-23.21107521
5.37500000,33.37500000,-14.00075411
5.12500000,33.37500000,10.09160213
4.87500000,33.37500000,-18.25991145
4.62500000,33.37500000,-12.59191966
4.37500000,33.37500000,2.49651254
4.12500000,33.37500000,       NaN
3.87500000,33.37500000,       NaN
3.62500000,33.37500000,-20.06340164
10.37500000,33.62500000,-14.38024866
10.12500000,33.62500000,-14.38024866
9.87500000,33.62500000,-9.03134813
9.62500000,33.62500000,-9.46967707
9.37500000,33.62500000,-5.16870191
9.12500000,33.62500000,-3.68986473
8.87500000,33.62500000,-6.73778593
8.62500000,33.62500000,-7.51125545
8.37500000,33.62500000,-4.40639858
8.12500000,33.62500000,-4.50463373
7.87500000,33.62500000,-18.49155866
7.62500000,33.62500000,-16.56603431
7.37500000,33.62500000,-11.52349671
7.12500000,33.62500000,-14.76209329
6.87500000,33.62500000,-15.49749703
6.62500000,33.62500000,-14.18138171
6.37500000,33.62500000,-16.68884698
6.12500000,33.62500000,-20.34981473
5.87500000,33.62500000,-24.66067336
5.62500000,33.62500000,-29.12399653
5.37500000,33.62500000,-14.99718735
5.12500000,33.62500000,-11.10705371
4.87500000,33.62500000,-4.79125406
4.62500000,33.62500000,1.19981056
4.37500000,33.62500000,       NaN
4.12500000,33.62500000,14.00377052
3.87500000,33.62500000,-5.24731836
3.62500000,33.62500000,       NaN
10.37500000,33.87500000,-5.56696677
10.12500000,33.87500000,-5.56696677
9.87500000,33.87500000,-6.59395207
9.62500000,33.87500000,-2.92719355
9.37500000,33.87500000,-1.04089238
9.12500000,33.87500000,-1.71484399
8.87500000,33.87500000,-5.00031938
8.62500000,33.87500000,-6.08095878
8.37500000,33.87500000,-1.06695606
8.12500000,33.87500000,-1.54307507
7.87500000,33.87500000,-25.45690005
7.62500000,33.87500000,-32.74694548
7.37500000,33.87500000,-8.39338110
7.12500000,33.87500000,-12.87955940
6.87500000,33.87500000,-13.21252053
6.62500000,33.87500000,-15.12338865
6.37500000,33.87500000,-27.99318692
6.12500000,33.87500000,-37.72023156
5.87500000,33.87500000,-2.95675094
5.62500000,33.87500000,-48.97495954
5.37500000,33.87500000,-12.81361499
5.12500000,33.87500000,-14.50448854
4.87500000,33.87500000,-6.10673795
4.62500000,33.87500000,-6.90770426
4.37500000,33.87500000,8.07989429
4.12500000,33.87500000,13.26413655
3.87500000,33.87500000,-7.96653291
3.62500000,33.87500000,       NaN
10.37500000,34.12500000,-16.63014024
10.12500000,34.12500000,-16.63014024
9.87500000,34.12500000,       NaN
9.62500000,34.12500000,       NaN
9.37500000,34.12500000,       NaN
9.12500000,34.12500000,-2.04762839
8.87500000,34.12500000,1.71773509
8.62500000,34.12500000,-7.81163251
8.37500000,34.12500000,2.41771225
8.12500000,34.12500000,-0.09547320
7.87500000,34.12500000,0.39721883
7.62500000,34.12500000,       NaN
7.37500000,34.12500000,-0.74830152
7.12500000,34.12500000,-2.38387017
6.87500000,34.12500000,-2.78630238
6.62500000,34.12500000,-3.00195266
6.37500000,34.12500000,-13.75057286
6.12500000,34.12500000,-21.09330499
5.87500000,34.12500000,-38.66341891
5.62500000,34.12500000,-49.14310697
5.37500000,34.12500000,-24.50257035
5.12500000,34.12500000,-11.33472235
4.87500000,34.12500000,-32.98660489
4.62500000,34.12500000,-29.59361591
4.37500000,34.12500000,-37.99161093
4.12500000,34.12500000,       NaN
3.87500000,34.12500000,14.03270786
3.62500000,34.12500000,       NaN
10.37500000,34.37500000,1.70976617
10.12500000,34.37500000,1.70976617
9.87500000,34.37500000,-10.60110566
9.62500000,34.37500000,       NaN
9.37500000,34.37500000,       NaN
9.12500000,34.37500000,       NaN
8.87500000,34.37500000,-1.47275907
8.62500000,34.37500000,       NaN
8.37500000,34.37500000,-4.62656149
8.12500000,34.37500000,4.94718414
7.87500000,34.37500000,0.93736397
7.62500000,34.37500000,1.44583416
7.37500000,34.37500000,0.05017835
7.12500000,34.37500000,0.46092359
6.87500000,34.37500000,-4.17169413
6.62500000,34.37500000,-1.74167758
6.37500000,34.37500000,       NaN
6.12500000,34.37500000,       NaN
5.87500000,34.37500000,-19.58671585
5.62500000,34.37500000,       NaN
5.37500000,34.37500000,       NaN
5.12500000,34.37500000,-23.15063019
4.87500000,34.37500000,       NaN
4.62500000,34.37500000,-5.03106103
4.37500000,34.37500000,22.28136404
4.12500000,34.37500000,51.21011351
3.87500000,34.37500000,-9.85806375
3.62500000,34.37500000,-6.01320510
10.37500000,34.62500000,       NaN
10.12500000,34.62500000,       NaN
9.87500000,34.62500000,       NaN
9.62500000,34.62500000,       NaN
9.37500000,34.62500000,       NaN
9.12500000,34.62500000,       NaN
8.87500000,34.62500000,       NaN
8.62500000,34.62500000,       NaN
8.37500000,34.62500000,       NaN
8.12500000,34.62500000,-4.49699600
7.87500000,34.62500000,3.88448226
7.62500000,34.62500000,0.50721119
7.37500000,34.62500000,-0.32681658
7.12500000,34.62500000,2.48667717
6.87500000,34.62500000,       NaN
6.62500000,34.62500000,       NaN
6.37500000,34.62500000,3.71460235
6.12500000,34.62500000,       NaN
5.87500000,34.62500000,-1.46238097
5.62500000,34.62500000,-3.10130253
5.37500000,34.62500000,28.95739265
5.12500000,34.62500000,26.09463453
4.87500000,34.62500000,-48.00728819
4.62500000,34.62500000,-14.42090769
4.37500000,34.62500000,-34.85308992
4.12500000,34.62500000,-19.78629554
3.87500000,34.62500000,-18.51900295
3.62500000,34.62500000,-14.07997935
10.37500000,34.87500000,       NaN
10.12500000,34.87500000,       NaN
9.87500000,34.87500000,       NaN
9.62500000,34.87500000,       NaN
9.37500000,34.87500000,       NaN
9.12500000,34.87500000,       NaN
8.87500000,34.87500000,       NaN
8.62500000,34.87500000,       NaN
8.37500000,34.87500000,       NaN
8.12500000,34.87500000,0.84922461
7.87500000,34.87500000,-0.55088540
7.62500000,34.87500000,       NaN
7.37500000,34.87500000,-1.76423299
7.12500000,34.87500000,2.60427903
6.87500000,34.87500000,       NaN
6.62500000,34.87500000,-1.22906991
6.37500000,34.87500000,       NaN
6.12500000,34.87500000,6.93023893
5.87500000,34.87500000,-3.73121237
5.62500000,34.87500000,-1.84003532
5.37500000,34.87500000,53.16911591
5.12500000,34.87500000,-55.88379978
4.87500000,34.87500000,-58.21019690
4.62500000,34.87500000,-40.99049139
4.37500000,34.87500000,-53.01658849
4.12500000,34.87500000,-43.22046737
3.87500000,34.87500000,-26.19652621
3.62500000,34.87500000,-21.88414085
10.37500000,35.12500000,       NaN
10.12500000,35.12500000,       NaN
9.87500000,35.12500000,       NaN
9.62500000,35.12500000,1.70629437
9.37500000,35.12500000,       NaN
9.12500000,35.12500000,       NaN
8.87500000,35.12500000,       NaN
8.62500000,35.12500000,       NaN
8.37500000,35.12500000,-1.91848271
8.12500000,35.12500000,       NaN
7.87500000,35.12500000,       NaN
7.62500000,35.12500000,-6.85638113
7.37500000,35.12500000,       NaN
7.12500000,35.12500000,       NaN
6.87500000,35.12500000,       NaN
6.62500000,35.12500000,       NaN
6.37500000,35.12500000,-14.55272254
6.12500000,35.12500000,1.64458365
5.87500000,35.12500000,-10.52280370
5.62500000,35.12500000,-10.32940474
5.37500000,35.12500000,       NaN
5.12500000,35.12500000,       NaN
4.87500000,35.12500000,55.45420082
4.62500000,35.12500000,       NaN
4.37500000,35.12500000,-25.20281783
4.12500000,35.12500000,-44.84371673
3.87500000,35.12500000,85.79057290
3.62500000,35.12500000,35.68756906
10.37500000,35.37500000,       NaN
10.12500000,35.37500000,       NaN
9.87500000,35.37500000,0.97034086
9.62500000,35.37500000,       NaN
9.37500000,35.37500000,       NaN
9.12500000,35.37500000,       NaN
8.87500000,35.37500000,       NaN
8.62500000,35.37500000,       NaN
8.37500000,35.37500000,3.44894733
8.12500000,35.37500000,3.29382152
7.87500000,35.37500000,0.58656474
7.62500000,35.37500000,       NaN
7.37500000,35.37500000,       NaN
7.12500000,35.37500000,       NaN
6.87500000,35.37500000,       NaN
6.62500000,35.37500000,       NaN
6.37500000,35.37500000,       NaN
6.12500000,35.37500000,       NaN
5.87500000,35.37500000,       NaN
5.62500000,35.37500000,2.25274759
5.37500000,35.37500000,       NaN
5.12500000,35.37500000,-32.77950905
4.87500000,35.37500000,       NaN
4.62500000,35.37500000,       NaN
4.37500000,35.37500000,-41.89636397
4.12500000,35.37500000,-35.22963013
3.87500000,35.37500000,-52.36268661
3.62500000,35.37500000,-48.95904691
10.37500000,35.62500000,       NaN
10.12500000,35.62500000,       NaN
9.87500000,35.62500000,       NaN
9.62500000,35.62500000,       NaN
9.37500000,35.62500000,       NaN
9.12500000,35.62500000,-2.89658301
8.87500000,35.62500000,-1.28378718
8.62500000,35.62500000,       NaN
8.37500000,35.62500000,1.06060763
8.12500000,35.62500000,1.09233846
7.87500000,35.62500000,0.56198977
7.62500000,35.62500000,       NaN
7.37500000,35.62500000,       NaN
7.12500000,35.62500000,4.48952133
6.87500000,35.62500000,       NaN
6.62500000,35.62500000,-4.11861310
6.37500000,35.62500000,-0.13327764
6.12500000,35.62500000,       NaN
5.87500000,35.62500000,       NaN
5.62500000,35.62500000,       NaN
5.37500000,35.62500000,12.10366352
5.12500000,35.62500000,-64.90088506
4.87500000,35.62500000,235.98964665
4.62500000,35.62500000,56.78925976
4.37500000,35.62500000,-1.45523367
4.12500000,35.62500000,2.39105106
3.87500000,35.62500000,-11.35357707
3.62500000,35.62500000,-15.50592261
10.37500000,35.87500000,       NaN
10.12500000,35.87500000,       NaN
9.87500000,35.87500000,       NaN
9.62500000,35.87500000,       NaN
9.37500000,35.87500000,       NaN
9.12500000,35.87500000,       NaN
8.87500000,35.87500000,2.20056898
8.62500000,35.87500000,       NaN
8.37500000,35.87500000,1.06845264
8.12500000,35.87500000,-1.91285063
7.87500000,35.87500000,       NaN
7.62500000,35.87500000,-1.10122249
7.37500000,35.87500000,4.10624216
7.12500000,35.87500000,       NaN
6.87500000,35.87500000,-2.70471553
6.62500000,35.87500000,-4.07713131
6.37500000,35.87500000,       NaN
6.12500000,35.87500000,       NaN
5.87500000,35.87500000,       NaN
5.62500000,35.87500000,-8.91824511
5.37500000,35.87500000,8.02598919
5.12500000,35.87500000,17.62236049
4.87500000,35.87500000,86.90345719
4.62500000,35.87500000,-23.96498495
4.37500000,35.87500000,-16.22890083
4.12500000,35.87500000,-19.01558078
3.87500000,35.87500000,       NaN
3.62500000,35.87500000,       NaN
10.37500000,36.12500000,       NaN
10.12500000,36.12500000,       NaN
9.87500000,36.12500000,       NaN
9.62500000,36.12500000,       NaN
9.37500000,36.12500000,       NaN
9.12500000,36.12500000,       NaN
8.87500000,36.12500000,       NaN
8.62500000,36.12500000,-2.30118678
8.37500000,36.12500000,0.54932395
8.12500000,36.12500000,       NaN
7.87500000,36.12500000,       NaN
7.62500000,36.12500000,3.09688726
7.37500000,36.12500000,-0.15262085
7.12500000,36.12500000,0.09212414
6.87500000,36.12500000,2.62165016
6.62500000,36.12500000,       NaN
6.37500000,36.12500000,-9.21630875
6.12500000,36.12500000,-8.20024580
5.87500000,36.12500000,1.49732422
5.62500000,36.12500000,       NaN
5.37500000,36.12500000,       NaN
5.12500000,36.12500000,       NaN
4.87500000,36.12500000,-0.10310380
4.62500000,36.12500000,       NaN
4.37500000,36.12500000,       NaN
4.12500000,36.12500000,       NaN
3.87500000,36.12500000,       NaN
3.62500000,36.12500000,       NaN
10.37500000,36.37500000,       NaN
10.12500000,36.37500000,       NaN
9.87500000,36.37500000,       NaN
9.62500000,36.37500000,-5.06371224
9.37500000,36.37500000,       NaN
9.12500000,36.37500000,       NaN
8.87500000,36.37500000,       NaN
8.62500000,36.37500000,13.99004716
8.37500000,36.37500000,       NaN
8.12500000,36.37500000,0.99792216
7.87500000,36.37500000,7.07746491
7.62500000,36.37500000,3.21307629
7.37500000,36.37500000,1.13107885
7.12500000,36.37500000,       NaN
6.87500000,36.37500000,0.63026314
6.62500000,36.37500000,-1.88336652
6.37500000,36.37500000,-4.41634122
6.12500000,36.37500000,-7.57986590
5.87500000,36.37500000,       NaN
5.62500000,36.37500000,       NaN
5.37500000,36.37500000,-33.77988295
5.12500000,36.37500000,-9.30294966
4.87500000,36.37500000,-10.87846800
4.62500000,36.37500000,-11.86786782
4.37500000,36.37500000,-14.51881151
4.12500000,36.37500000,-21.34494641
3.87500000,36.37500000,-50.49814703
3.62500000,36.37500000,-42.12744147
10.37500000,36.62500000,       NaN
10.12500000,36.62500000,       NaN
9.87500000,36.62500000,       NaN
9.62500000,36.62500000,       NaN
9.37500000,36.62500000,       NaN
9.12500000,36.62500000,       NaN
8.87500000,36.62500000,       NaN
8.62500000,36.62500000,       NaN
8.37500000,36.62500000,2.79338866
8.12500000,36.62500000,4.49401090
7.87500000,36.62500000,-1.17325719
7.62500000,36.62500000,       NaN
7.37500000,36.62500000,5.72514611
7.12500000,36.62500000,       NaN
6.87500000,36.62500000,       NaN
6.62500000,36.62500000,-5.94289081
6.37500000,36.62500000,       NaN
6.12500000,36.62500000,       NaN
5.87500000,36.62500000,       NaN
5.62500000,36.62500000,-4.79866817
5.37500000,36.62500000,-0.66719353
5.12500000,36.62500000,       NaN
4.87500000,36.62500000,-17.54378750
4.62500000,36.62500000,-17.40889595
4.37500000,36.62500000,-17.13893827
4.12500000,36.62500000,-22.65265469
3.87500000,36.62500000,-65.28373584
3.62500000,36.62500000,-36.92617701
10.37500000,36.87500000,       NaN
10.12500000,36.87500000,       NaN
9.87500000,36.87500000,4.97614093
9.62500000,36.87500000,       NaN
9.37500000,36.87500000,3.05211659
9.12500000,36.87500000,       NaN
8.87500000,36.87500000,2.13334749
8.62500000,36.87500000,1.17327958
8.37500000,36.87500000,1.00349591
8.12500000,36.87500000,3.87943862
7.87500000,36.87500000,2.41256572
7.62500000,36.87500000,0.77678996
7.37500000,36.87500000,       NaN
7.12500000,36.87500000,       NaN
6.87500000,36.87500000,       NaN
6.62500000,36.87500000,       NaN
6.37500000,36.87500000,-7.77519233
6.12500000,36.87500000,-4.51249101
5.87500000,36.87500000,       NaN
5.62500000,36.87500000,       NaN
5.37500000,36.87500000,       NaN
5.12500000,36.87500000,-26.93924126
4.87500000,36.87500000,       NaN
4.62500000,36.87500000,       NaN
4.37500000,36.87500000,       NaN
4.12500000,36.87500000,-35.35138710
3.87500000,36.87500000,       NaN
3.62500000,36.87500000,       NaN
10.37500000,37.12500000,       NaN
10.12500000,37.12500000,       NaN
9.87500000,37.12500000,       NaN
9.62500000,37.12500000,       NaN
9.37500000,37.12500000,       NaN
9.12500000,37.12500000,-4.32017179
8.87500000,37.12500000,0.56353476
8.62500000,37.12500000,0.69841269
8.37500000,37.12500000,       NaN
8.12500000,37.12500000,       NaN
7.87500000,37.12500000,       NaN
7.62500000,37.12500000,1.03171265
7.37500000,37.12500000,       NaN
7.12500000,37.12500000,-1.40700528
6.87500000,37.12500000,       NaN
6.62500000,37.12500000,       NaN
6.37500000,37.12500000,       NaN
6.12500000,37.12500000,       NaN
5.87500000,37.12500000,       NaN
5.62500000,37.12500000,       NaN
5.37500000,37.12500000,-51.52355926
5.12500000,37.12500000,       NaN
4.87500000,37.12500000,       NaN
4.62500000,37.12500000,-5.20644443
4.37500000,37.12500000,9.12640826
4.12500000,37.12500000,       NaN
3.87500000,37.12500000,-5.65612419
3.62500000,37.12500000,-7.49052780
10.37500000,37.37500000,       NaN
10.12500000,37.37500000,       NaN
9.87500000,37.37500000,       NaN
9.62500000,37.37500000,-7.00816241
9.37500000,37.37500000,       NaN
9.12500000,37.37500000,       NaN
8.87500000,37.37500000,       NaN
8.62500000,37.37500000,       NaN
8.37500000,37.37500000,       NaN
8.12500000,37.37500000,       NaN
7.87500000,37.37500000,3.17358228
7.62500000,37.37500000,1.54124423
7.37500000,37.37500000,1.52749972
7.12500000,37.37500000,       NaN
6.87500000,37.37500000,       NaN
6.62500000,37.37500000,       NaN
6.37500000,37.37500000,-5.47132457
6.12500000,37.37500000,       NaN
5.87500000,37.37500000,-5.15413360
5.62500000,37.37500000,       NaN
5.37500000,37.37500000,       NaN
5.12500000,37.37500000,7.14264372
4.87500000,37.37500000,       NaN
4.62500000,37.37500000,       NaN
4.37500000,37.37500000,       NaN
4.12500000,37.37500000,-72.10529412
3.87500000,37.37500000,-7.39737228
3.62500000,37.37500000,-8.95051361
10.37500000,37.62500000,       NaN
10.12500000,37.62500000,       NaN
9.87500000,37.62500000,       NaN
9.62500000,37.62500000,-0.05351587
9.37500000,37.62500000,       NaN
9.12500000,37.62500000,-7.98642805
8.87500000,37.62500000,       NaN
8.62500000,37.62500000,       NaN
8.37500000,37.62500000,       NaN
8.12500000,37.62500000,1.21099802
7.87500000,37.62500000,-1.16904776
7.62500000,37.62500000,-5.67614900
7.37500000,37.62500000,-0.20607968
7.12500000,37.62500000,       NaN
6.87500000,37.62500000,-7.07388250
6.62500000,37.62500000,       NaN
6.37500000,37.62500000,       NaN
6.12500000,37.62500000,       NaN
5.87500000,37.62500000,       NaN
5.62500000,37.62500000,       NaN
5.37500000,37.62500000,       NaN
5.12500000,37.62500000,       NaN
4.87500000,37.62500000,-7.79762068
4.62500000,37.62500000,       NaN
4.37500000,37.62500000,-69.74278478
4.12500000,37.62500000,       NaN
3.87500000,37.62500000,       NaN
3.62500000,37.62500000,-14.06618790
10.37500000,37.87500000,       NaN
10.12500000,37.87500000,       NaN
9.87500000,37.87500000,       NaN
9.62500000,37.87500000,       NaN
9.37500000,37.87500000,-6.44343857
9.12500000,37.87500000,-5.96137999
8.87500000,37.87500000,       NaN
8.62500000,37.87500000,       NaN
8.37500000,37.87500000,       NaN
8.12500000,37.87500000,       NaN
7.87500000,37.87500000,       NaN
7.62500000,37.87500000,       NaN
7.37500000,37.87500000,       NaN
7.12500000,37.87500000,1.79146728
6.87500000,37.87500000,0.80502196
6.62500000,37.87500000,       NaN
6.37500000,37.87500000,       NaN
6.12500000,37.87500000,       NaN
5.87500000,37.87500000,       NaN
5.62500000,37.87500000,       NaN
5.37500000,37.87500000,       NaN
5.12500000,37.87500000,-3.37803126
4.87500000,37.87500000,27.49322308
4.62500000,37.87500000,-23.54107123
4.37500000,37.87500000,42.34039379
4.12500000,37.87500000,       NaN
3.87500000,37.87500000,       NaN
3.62500000,37.87500000,-1.88546934
10.37500000,38.12500000,-6.75514820
10.12500000,38.12500000,-6.75514820
9.87500000,38.12500000,-23.02784310
9.62500000,38.12500000,       NaN
9.37500000,38.12500000,-3.02924008
9.12500000,38.12500000,       NaN
8.87500000,38.12500000,1.12018500
8.62500000,38.12500000,2.17299633
8.37500000,38.12500000,2.39279065
8.12500000,38.12500000,       NaN
7.87500000,38.12500000,       NaN
7.62500000,38.12500000,       NaN
7.37500000,38.12500000,       NaN
7.12500000,38.12500000,       NaN
6.87500000,38.12500000,       NaN
6.62500000,38.12500000,       NaN
6.37500000,38.12500000,       NaN
6.12500000,38.12500000,-3.94469588
5.87500000,38.12500000,-5.00080219
5.62500000,38.12500000,-4.82929148
5.37500000,38.12500000,       NaN
5.12500000,38.12500000,3.96368873
4.87500000,38.12500000,-7.22092181
4.62500000,38.12500000,-33.86230593
4.37500000,38.12500000,-10.96567646
4.12500000,38.12500000,18.51207253
3.87500000,38.12500000,       NaN
3.62500000,38.12500000,       NaN
10.37500000,38.37500000,       NaN
10.12500000,38.37500000,       NaN
9.87500000,38.37500000,       NaN
9.62500000,38.37500000,       NaN
9.37500000,38.37500000,       NaN
9.12500000,38.37500000,       NaN
8.87500000,38.37500000,       NaN
8.62500000,38.37500000,-0.16173671
8.37500000,38.37500000,       NaN
8.12500000,38.37500000,       NaN
7.87500000,38.37500000,       NaN
7.62500000,38.37500000,       NaN
7.37500000,38.37500000,-6.49934439
7.12500000,38.37500000,-3.67722942
6.87500000,38.37500000,       NaN
6.62500000,38.37500000,1.96712896
6.37500000,38.37500000,       NaN
6.12500000,38.37500000,       NaN
5.87500000,38.37500000,       NaN
5.62500000,38.37500000,-3.46583025
5.37500000,38.37500000,-12.97792204
5.12500000,38.37500000,-26.56989049
4.87500000,38.37500000,-37.63747978
4.62500000,38.37500000,-29.78404758
4.37500000,38.37500000,       NaN
4.12500000,38.37500000,-17.12902847
3.87500000,38.37500000,27.49607314
3.62500000,38.37500000,-17.58329656
10.37500000,38.62500000,       NaN
10.12500000,38.62500000,       NaN
9.87500000,38.62500000,       NaN
9.62500000,38.62500000,4.65274733
9.37500000,38.62500000,0.81858006
9.12500000,38.62500000,       NaN
8.87500000,38.62500000,       NaN
8.62500000,38.62500000,-7.22387694
8.37500000,38.62500000,       NaN
8.12500000,38.62500000,       NaN
7.87500000,38.62500000,       NaN
7.62500000,38.62500000,-19.94330465
7.37500000,38.62500000,-13.26713720
7.12500000,38.62500000,-1.83962706
6.87500000,38.62500000,0.47734822
6.62500000,38.62500000,       NaN
6.37500000,38.62500000,       NaN
6.12500000,38.62500000,6.77045178
5.87500000,38.62500000,1.49623670
5.62500000,38.62500000,-6.01191398
5.37500000,38.62500000,-40.86131689
5.12500000,38.62500000,-44.42673971
4.87500000,38.62500000,6.71726019
4.62500000,38.62500000,5.05588880
4.37500000,38.62500000,-18.99774239
4.12500000,38.62500000,-1.98565415
3.87500000,38.62500000,23.86301736
3.62500000,38.62500000,19.74309964
10.37500000,38.87500000,       NaN
10.12500000,38.87500000,       NaN
9.87500000,38.87500000,       NaN
9.62500000,38.87500000,       NaN
9.37500000,38.87500000,       NaN
9.12500000,38.87500000,       NaN
8.87500000,38.87500000,1.92936326
8.62500000,38.87500000,-7.45042165
8.37500000,38.87500000,       NaN
8.12500000,38.87500000,       NaN
7.87500000,38.87500000,-7.37213405
7.62500000,38.87500000,0.10164444
7.37500000,38.87500000,2.42748821
7.12500000,38.87500000,       NaN
6.87500000,38.87500000,       NaN
6.62500000,38.87500000,0.31129364
6.37500000,38.87500000,       NaN
6.12500000,38.87500000,       NaN
5.87500000,38.87500000,       NaN
5.62500000,38.87500000,-2.94108321
5.37500000,38.87500000,-9.57981935
5.12500000,38.87500000,-18.17496708
4.87500000,38.87500000,       NaN
4.62500000,38.87500000,-2.02524966
4.37500000,38.87500000,-3.04446900
4.12500000,38.87500000,6.64831144
3.87500000,38.87500000,2.24007089
3.62500000,38.87500000,26.93496073
10.37500000,39.12500000,       NaN
10.12500000,39.12500000,       NaN
9.87500000,39.12500000,-2.43656158
9.62500000,39.12500000,       NaN
9.37500000,39.12500000,       NaN
9.12500000,39.12500000,       NaN
8.87500000,39.12500000,-0.89497253
8.62500000,39.12500000,-7.87575242
8.37500000,39.12500000,       NaN
8.12500000,39.12500000,-13.62903361
7.87500000,39.12500000,1.55550254
7.62500000,39.12500000,       NaN
7.37500000,39.12500000,       NaN
7.12500000,39.12500000,       NaN
6.87500000,39.12500000,0.30373785
6.62500000,39.12500000,       NaN
6.37500000,39.12500000,       NaN
6.12500000,39.12500000,-5.65025834
5.87500000,39.12500000,       NaN
5.62500000,39.12500000,12.25306343
5.37500000,39.12500000,-4.13083709
5.12500000,39.12500000,       NaN
4.87500000,39.12500000,-3.08243246
4.62500000,39.12500000,-2.09112409
4.37500000,39.12500000,-6.88238888
4.12500000,39.12500000,-0.35627100
3.87500000,39.12500000,6.30163606
3.62500000,39.12500000,38.67472021
10.37500000,39.37500000,       NaN
10.12500000,39.37500000,       NaN
9.87500000,39.37500000,3.23127827
9.62500000,39.37500000,       NaN
9.37500000,39.37500000,       NaN
9.12500000,39.37500000,-4.17833729
8.87500000,39.37500000,0.69499320
8.62500000,39.37500000,-4.50602318
8.37500000,39.37500000,       NaN
8.12500000,39.37500000,       NaN
7.87500000,39.37500000,       NaN
7.62500000,39.37500000,-0.05580593
7.37500000,39.37500000,-6.63296128
7.12500000,39.37500000,       NaN
6.87500000,39.37500000,-32.01348099
6.62500000,39.37500000,       NaN
6.37500000,39.37500000,       NaN
6.12500000,39.37500000,-4.44603058
5.87500000,39.37500000,20.63135542
5.62500000,39.37500000,-8.63794538
5.37500000,39.37500000,-11.89958758
5.12500000,39.37500000,-9.66863287
4.87500000,39.37500000,-2.74514537
4.62500000,39.37500000,-2.58227023
4.37500000,39.37500000,-2.79949053
4.12500000,39.37500000,-3.15001770
3.87500000,39.37500000,6.30163606
3.62500000,39.37500000,39.80783361
10.37500000,39.62500000,       NaN
10.12500000,39.62500000,       NaN
9.87500000,39.62500000,       NaN
9.62500000,39.62500000,       NaN
9.37500000,39.62500000,       NaN
9.12500000,39.62500000,       NaN
8.87500000,39.62500000,       NaN
8.62500000,39.62500000,       NaN
8.37500000,39.62500000,-1.31847878
8.12500000,39.62500000,       NaN
7.87500000,39.62500000,       NaN
7.62500000,39.62500000,       NaN
7.37500000,39.62500000,       NaN
7.12500000,39.62500000,       NaN
6.87500000,39.62500000,       NaN
6.62500000,39.62500000,279.52412038
6.37500000,39.62500000,-2.15020146
6.12500000,39.62500000,-13.86095460
5.87500000,39.62500000,5.12986124
5.62500000,39.62500000,       NaN
5.37500000,39.62500000,14.77605600
5.12500000,39.62500000,       NaN
4.87500000,39.62500000,       NaN
4.62500000,39.62500000,-4.76121846
4.37500000,39.62500000,21.93943416
4.12500000,39.62500000,-9.17783246
3.87500000,39.62500000,12.33461603
3.62500000,39.62500000,11.62771940
10.37500000,39.87500000,       NaN
10.12500000,39.87500000,       NaN
9.87500000,39.87500000,       NaN
9.62500000,39.87500000,       NaN
9.37500000,39.87500000,       NaN
9.12500000,39.87500000,-28.57420946
8.87500000,39.87500000,-5.40737655
8.62500000,39.87500000,       NaN
8.37500000,39.87500000,       NaN
8.12500000,39.87500000,6.84312210
7.87500000,39.87500000,       NaN
7.62500000,39.87500000,3.23603487
7.37500000,39.87500000,       NaN
7.12500000,39.87500000,       NaN
6.87500000,39.87500000,       NaN
6.62500000,39.87500000,       NaN
6.37500000,39.87500000,-1.96689820
6.12500000,39.87500000,-2.28564391
5.87500000,39.87500000,1.15112032
5.62500000,39.87500000,-1.69504205
5.37500000,39.87500000,-2.36234452
5.12500000,39.87500000,6.50000553
4.87500000,39.87500000,15.06884933
4.62500000,39.87500000,9.64210044
4.37500000,39.87500000,30.47451156
4.12500000,39.87500000,-40.13072703
3.87500000,39.87500000,9.11625611
3.62500000,39.87500000,29.27534559
10.37500000,40.12500000,-18.17394863
10.12500000,40.12500000,-18.17394863
9.87500000,40.12500000,-28.45986447
9.62500000,40.12500000,-30.50362022
9.37500000,40.12500000,-18.65864557
9.12500000,40.12500000,-13.48168815
8.87500000,40.12500000,       NaN
8.62500000,40.12500000,       NaN
8.37500000,40.12500000,2.79121780
8.12500000,40.12500000,       NaN
7.87500000,40.12500000,0.46509462
7.62500000,40.12500000,       NaN
7.37500000,40.12500000,       NaN
7.12500000,40.12500000,       NaN
6.87500000,40.12500000,       NaN
6.62500000,40.12500000,       NaN
6.37500000,40.12500000,-17.35652786
6.12500000,40.12500000,-2.47166926
5.87500000,40.12500000,-23.85495820
5.62500000,40.12500000,9.45224243
5.37500000,40.12500000,       NaN
5.12500000,40.12500000,38.50950811
4.87500000,40.12500000,-32.81762271
4.62500000,40.12500000,34.00420621
4.37500000,40.12500000,9.89512465
4.12500000,40.12500000,5.47030352
3.87500000,40.12500000,-3.32447557
3.62500000,40.12500000,-2.14833148
10.37500000,40.37500000,-21.72249785
10.12500000,40.37500000,-21.72249785
9.87500000,40.37500000,       NaN
9.62500000,40.37500000,       NaN
9.37500000,40.37500000,-9.10873494
9.12500000,40.37500000,0.57625744
8.87500000,40.37500000,-0.55826450
8.62500000,40.37500000,       NaN
8.37500000,40.37500000,-8.79356744
8.12500000,40.37500000,       NaN
7.87500000,40.37500000,       NaN
7.62500000,40.37500000,       NaN
7.37500000,40.37500000,3.47269255
7.12500000,40.37500000,8.15319768
6.87500000,40.37500000,5.92472520
6.62500000,40.37500000,-10.53350988
6.37500000,40.37500000,-5.66598040
6.12500000,40.37500000,       NaN
5.87500000,40.37500000,       NaN
5.62500000,40.37500000,9.69557947
5.37500000,40.37500000,       NaN
5.12500000,40.37500000,62.71578932
4.87500000,40.37500000,-8.39301340
4.62500000,40.37500000,13.06321356
4.37500000,40.37500000,5.65557552
4.12500000,40.37500000,0.55050830
3.87500000,40.37500000,-0.29252936
3.62500000,40.37500000,10.47530569
10.37500000,40.62500000,-1.74649002
10.12500000,40.62500000,-1.74649002
9.87500000,40.62500000,15.60719161
9.62500000,40.62500000,-2.33910557
9.37500000,40.62500000,-7.28988717
9.12500000,40.62500000,-2.11657046
8.87500000,40.62500000,       NaN
8.62500000,40.62500000,       NaN
8.37500000,40.62500000,0.42483059
8.12500000,40.62500000,-1.73721435
7.87500000,40.62500000,       NaN
7.62500000,40.62500000,1.19181012
7.37500000,40.62500000,-9.13996943
7.12500000,40.62500000,1.81202413
6.87500000,40.62500000,       NaN
6.62500000,40.62500000,4.87999702
6.37500000,40.62500000,5.36545490
6.12500000,40.62500000,7.90747043
5.87500000,40.62500000,-16.22540967
5.62500000,40.62500000,-39.84028951
5.37500000,40.62500000,       NaN
5.12500000,40.62500000,       NaN
4.87500000,40.62500000,       NaN
4.62500000,40.62500000,-33.57926464
4.37500000,40.62500000,43.75948230
4.12500000,40.62500000,       NaN
3.87500000,40.62500000,       NaN
3.62500000,40.62500000,91.59976776
10.37500000,40.87500000,-1.90989667
10.12500000,40.87500000,-1.90989667
9.87500000,40.87500000,6.89883013
9.62500000,40.87500000,-17.44788587
9.37500000,40.87500000,       NaN
9.12500000,40.87500000,       NaN
8.87500000,40.87500000,       NaN
8.62500000,40.87500000,       NaN
8.37500000,40.87500000,-16.59068761
8.12500000,40.87500000,5.76276981
7.87500000,40.87500000,-0.33000380
7.62500000,40.87500000,5.69032795
7.37500000,40.87500000,-23.43871639
7.12500000,40.87500000,-27.30106048
6.87500000,40.87500000,-2.53735965
6.62500000,40.87500000,-6.99789258
6.37500000,40.87500000,-14.14599913
6.12500000,40.87500000,       NaN
5.87500000,40.87500000,       NaN
5.62500000,40.87500000,       NaN
5.37500000,40.87500000,       NaN
5.12500000,40.87500000,3.69691040
4.87500000,40.87500000,36.71319649
4.62500000,40.87500000,30.29782374
4.37500000,40.87500000,-18.59463826
4.12500000,40.87500000,-10.90243490
3.87500000,40.87500000,75.65317505
3.62500000,40.87500000,112.70580976
10.37500000,41.12500000,-5.85351167
10.12500000,41.12500000,-5.85351167
9.87500000,41.12500000,-12.76964353
9.62500000,41.12500000,11.73621602
9.37500000,41.12500000,-3.11102228
9.12500000,41.12500000,       NaN
8.87500000,41.12500000,-7.28993219
8.62500000,41.12500000,-5.96426881
8.37500000,41.12500000,-13.44910691
8.12500000,41.12500000,       NaN
7.87500000,41.12500000,       NaN
7.62500000,41.12500000,       NaN
7.37500000,41.12500000,-4.30451531
7.12500000,41.12500000,4.86602587
6.87500000,41.12500000,       NaN
6.62500000,41.12500000,       NaN
6.37500000,41.12500000,-1.16253412
6.12500000,41.12500000,-3.36143818
5.87500000,41.12500000,-12.94366347
5.62500000,41.12500000,       NaN
5.37500000,41.12500000,6.73233918
5.12500000,41.12500000,8.38846439
4.87500000,41.12500000,-10.58655534
4.62500000,41.12500000,       NaN
4.37500000,41.12500000,       NaN
4.12500000,41.12500000,14.59557476
3.87500000,41.12500000,21.83762993
3.62500000,41.12500000,136.42612469
10.37500000,41.37500000,-7.28561519
10.12500000,41.37500000,-7.28561519
9.87500000,41.37500000,-13.58638894
9.62500000,41.37500000,       NaN
9.37500000,41.37500000,       NaN
9.12500000,41.37500000,       NaN
8.87500000,41.37500000,-0.85371276
8.62500000,41.37500000,-6.63016344
8.37500000,41.37500000,-11.46652114
8.12500000,41.37500000,       NaN
7.87500000,41.37500000,-21.60697550
7.62500000,41.37500000,-30.23128360
7.37500000,41.37500000,-0.36150533
7.12500000,41.37500000,-17.09599376
6.87500000,41.37500000,-14.01095529
6.62500000,41.37500000,-14.61398985
6.37500000,41.37500000,       NaN
6.12500000,41.37500000,       NaN
5.87500000,41.37500000,-11.21581030
5.62500000,41.37500000,-7.88487987
5.37500000,41.37500000,-10.52255358
5.12500000,41.37500000,-16.10502080
4.87500000,41.37500000,-10.62566559
4.62500000,41.37500000,21.69623433
4.37500000,41.37500000,       NaN
4.12500000,41.37500000,69.39882060
3.87500000,41.37500000,-1.64552717
3.62500000,41.37500000,100.40412737
10.37500000,41.62500000,24.47016813
10.12500000,41.62500000,24.47016813
9.87500000,41.62500000,-31.32141001
9.62500000,41.62500000,       NaN
9.37500000,41.62500000,       NaN
9.12500000,41.62500000,7.38675914
8.87500000,41.62500000,       NaN
8.62500000,41.62500000,0.98574241
8.37500000,41.62500000,-6.79924049
8.12500000,41.62500000,-11.88065345
7.87500000,41.62500000,-1.62637335
7.62500000,41.62500000,-2.15202612
7.37500000,41.62500000,-12.31077850
7.12500000,41.62500000,       NaN
6.87500000,41.62500000,-27.07849832
6.62500000,41.62500000,       NaN
6.37500000,41.62500000,-4.46301479
6.12500000,41.62500000,-32.89436061
5.87500000,41.62500000,-62.77534427
5.62500000,41.62500000,29.05409855
5.37500000,41.62500000,       NaN
5.12500000,41.62500000,8.69585542
4.87500000,41.62500000,399.01561469
4.62500000,41.62500000,5.50673139
4.37500000,41.62500000,58.21945634
4.12500000,41.62500000,58.43561061
3.87500000,41.62500000,-25.27172907
3.62500000,41.62500000,-5.89268352
10.37500000,41.87500000,-31.77297579
10.12500000,41.87500000,-31.77297579
9.87500000,41.87500000,-27.26821833
9.62500000,41.87500000,       NaN
9.37500000,41.87500000,2.90667697
9.12500000,41.87500000,2.14146312
8.87500000,41.87500000,       NaN
8.62500000,41.87500000,-0.31213891
8.37500000,41.87500000,-5.94186025
8.12500000,41.87500000,-46.28973410
7.87500000,41.87500000,-3.08949386
7.62500000,41.87500000,-7.43279247
7.37500000,41.87500000,-15.69280131
7.12500000,41.87500000,       NaN
6.87500000,41.87500000,       NaN
6.62500000,41.87500000,       NaN
6.37500000,41.87500000,       NaN
6.12500000,41.87500000,3.10965273
5.87500000,41.87500000,-38.11569590
5.62500000,41.87500000,-37.22063048
5.37500000,41.87500000,24.54791085
5.12500000,41.87500000,21.80434109
4.87500000,41.87500000,196.26230177
4.62500000,41.87500000,48.10368544
4.37500000,41.87500000,22.53141076
4.12500000,41.87500000,16.47853217
3.87500000,41.87500000,-15.58251799
3.62500000,41.87500000,-3.91031843
