datetime,timber_production,cereal_production,rainfall,temperature,latitude,longitude
2018-11-01,553335,20224431,medium,high,7.390982048728974,35.45372484147424
2018-01-01,2593551,16831297,medium,high,8.206033931470536,38.799926997352706
2018-10-01,2808842,29628168,medium,high,14.310830862278978,39.11804784966391
2018-09-01,1631446,24683599,medium,high,6.892463193592988,41.54925076864386
2018-09-01,419844,13038959,medium,high,13.92791918711309,38.93893200505036
2018-06-01,2322020,22234537,medium,high,6.146683113520888,39.25379851736017
2018-06-01,1424029,6559905,medium,high,12.586225167000562,36.73957203658493
2018-01-01,1272200,28212343,medium,high,7.076852853428161,38.43786753708053
2018-06-01,2481357,14664829,medium,high,6.6389219277540015,38.93945091957941
2018-02-01,1152461,6676480,medium,high,8.795341069834214,41.563138294625375
2018-06-01,463580,7113564,medium,high,5.395703093819208,42.77734945023822
2018-11-01,570381,11826633,medium,high,6.511221067581404,42.25689266439032
2018-05-01,2999053,18245393,medium,high,11.254607415830153,41.760810855306744
2018-09-01,390039,16410962,medium,high,7.160260111598828,36.20039931710465
2018-10-01,709328,23452482,medium,high,5.547714336641137,36.9923954125157
2018-05-01,2724197,10936327,medium,high,9.058683292651743,34.4566801242433
2018-01-01,1541679,17787781,medium,high,8.2220308439701,33.48248336413862
2018-05-01,160614,7215115,medium,high,7.269394810112898,38.79479361094423
2018-09-01,2451516,5947672,medium,high,10.406112192366393,38.47878306392429
2018-11-01,596442,7309469,medium,high,7.478187788920694,45.74347772757275
2018-08-01,533281,28780080,medium,high,4.396764946851682,40.58882761578443
2018-01-01,1611903,28119599,medium,high,5.9828526933189625,45.971368551436065
2018-05-01,475166,6184846,medium,high,12.769083373403285,38.55978717133727
2018-01-01,251430,19028579,medium,high,5.019980649191137,39.20952046762531
2018-10-01,2359692,14716517,medium,high,6.967673071273333,44.15066472972229
2018-02-01,2149371,414006,medium,high,3.6073653010125266,39.37310446389384
2018-12-01,1670995,1753302,medium,high,11.4486502407505,40.35025620579012
2018-10-01,1832563,1354636,medium,high,9.715362514810533,41.75015285680311
2018-02-01,254796,4481348,medium,high,6.3739792363348995,44.955064917339755
2018-05-01,2226128,23697111,medium,high,6.908460573669465,43.47921630562863
2018-10-01,2978329,19934200,medium,high,8.466811964997568,34.80591231806858
2018-03-01,2496354,24414117,medium,high,9.005789330483006,43.90443635493642
2018-07-01,685821,5927379,medium,high,8.832251412913969,37.037743741942094
2018-03-01,2891638,16270659,medium,high,8.020562168785485,45.76452340963074
2018-07-01,1661546,29373883,medium,high,12.520255708241088,36.1065295453697
2018-07-01,1404915,6035253,medium,high,6.946978229567895,45.35868458667478
2018-09-01,1040733,1317879,medium,high,9.51888233277032,40.65898799388192
2018-02-01,1232539,26277102,medium,high,7.46219797608264,39.84593539264922
2018-06-01,1692321,5956208,medium,high,6.737798614319233,44.6667254770666
2018-03-01,1974889,1733686,medium,high,13.943704185317172,40.617702774235
2018-09-01,167201,10907540,medium,high,6.516809658762675,36.10682034525985
2018-04-01,1236082,1072770,medium,high,9.437236841210343,38.9713750491252
2018-07-01,2241464,21459318,medium,high,6.773959481465976,35.72693303947049
2018-12-01,226556,17422660,medium,high,13.604282034548534,38.18965472561898
2018-11-01,1661836,24195600,medium,high,11.658312771634263,40.22390666526946
2018-01-01,2833870,7903826,medium,high,6.15780645595291,39.17002512275838
2018-10-01,164775,21670171,medium,high,13.096285097836445,41.75254093476533
2018-05-01,2415197,16658343,medium,high,13.797621541423513,38.95226582468926
2018-08-01,981194,25325214,medium,high,12.028640091270397,37.22349884373365
2018-02-01,1215691,11337117,medium,high,10.391805195306581,42.52684905697184
2018-10-01,2062234,29640521,medium,high,13.976437566716557,39.297399904034116
2018-09-01,2838066,5844831,medium,high,6.336611245241603,43.12594877889965
2018-08-01,1544071,15259309,medium,high,8.154726641469363,35.60445612301153
2018-07-01,1227973,26644669,medium,high,10.29300806715371,34.598079500046104
2018-03-01,1988947,9089346,medium,high,7.65507780061727,45.069616814077825
2018-06-01,2756994,25685583,medium,high,7.22079602365341,36.931029053803016
2018-01-01,1915025,11013713,medium,high,8.923699542812006,43.41742551250384
2018-02-01,2147329,22438646,medium,high,8.169206726154233,40.74687378798365
2018-09-01,2530272,225998,medium,high,6.603827712288401,35.36318284381249
2018-07-01,411028,12965864,medium,high,9.18501110834194,38.740895606432304
2018-04-01,2328610,2256497,medium,high,10.937920815930443,38.53631560804647
2018-10-01,662197,3737358,medium,high,4.2762255583783135,38.29417861798989
2018-12-01,973658,28397440,medium,high,6.836270760743336,43.20420327556974
2018-04-01,791726,14600728,medium,high,4.568990803779177,37.7344558501558
2018-08-01,397372,388930,medium,high,11.287556444777032,38.942536358259105
2018-12-01,1032063,1546757,medium,high,8.519123744481192,36.36019629045605
2018-03-01,422433,13586092,medium,high,9.055363987064212,43.29459173492393
2018-02-01,1843063,6781093,medium,high,10.091388107170538,34.41982675578348
2018-06-01,2203660,27057464,medium,high,6.385602417049256,38.14738889188934
2018-03-01,1281242,2138404,medium,high,8.987446986442857,34.62480923276311
2018-05-01,2462898,27635219,medium,high,9.054100781044117,36.36877645534999
2018-07-01,1361241,4329097,medium,high,4.915989616277525,39.509895357685984
2018-08-01,1634081,18349736,medium,high,12.239502646577256,36.28634213633838
2018-01-01,609429,21311730,medium,high,9.588084566232741,40.83793227411693
2018-02-01,1209304,15400028,medium,high,4.8526360786399545,39.878599480195206
2018-07-01,797602,18202851,medium,high,8.032973573477548,34.71133816049361
2018-11-01,1815582,20442327,medium,high,7.140101155137666,38.88890655685423
2018-12-01,1753889,27349074,medium,high,6.159496749960451,35.97752088959152
2018-07-01,2003283,20367168,medium,high,10.192772350645184,35.98022662287419
2018-01-01,568411,14703715,medium,high,7.904405137366058,46.21010155411278
2018-04-01,1399224,15036604,medium,high,9.337511934774703,35.16263264726715
2018-05-01,2188931,18396737,medium,high,6.960175265995366,45.87657120449427
2018-01-01,267915,9549287,medium,high,7.79305037283461,34.46019488355236
2018-01-01,1570474,14798553,medium,high,4.506907470075236,37.79699230608698
2018-03-01,845173,21941530,medium,high,14.328074729366017,39.22451856047617
2018-02-01,2785101,29045648,medium,high,9.6583068407386,41.641095522706905
2018-07-01,473069,12283654,medium,high,8.439930765343846,39.57665137423662
2018-03-01,1149231,21680739,medium,high,6.447628864944072,35.65683864127044
2018-12-01,282746,27863568,medium,high,5.060747868467781,43.08525869224337
2018-10-01,1658698,17257822,medium,high,10.962478452595512,41.44324324695837
2018-02-01,601488,4828152,medium,high,10.794175927455873,36.24910880934452
2018-08-01,1511419,20913706,medium,high,9.880189926700714,42.89882636943875
2018-01-01,566965,15566874,medium,high,6.692690705653137,39.56783037043982
2018-08-01,2147313,21938795,medium,high,10.27222116184214,37.015689538500304
2018-01-01,944930,17513777,medium,high,7.322452502730674,39.010376635768154
2018-03-01,1744222,29623641,medium,high,5.83600305284893,36.661550783463156
2018-04-01,1728551,13886551,medium,high,5.276725720087082,44.80000907011272
2018-11-01,2573951,1089328,medium,high,13.599931858152992,37.20884643837112
2018-03-01,745052,6803266,medium,high,10.92252237486213,37.373700557573876
2018-06-01,191273,12243217,medium,high,5.444365919494388,43.40562778359774
2018-05-01,2330884,896494,medium,high,5.2526217947406835,36.83761558433038
2018-12-01,2964694,6339815,medium,high,6.8207842112005395,40.781512401293256
2018-05-01,1305303,8623255,medium,high,3.925780514863209,39.889640357863854
2018-07-01,843819,19246280,medium,high,12.17232306585592,36.413765979235336
2018-08-01,1598353,28328285,medium,high,6.958077661214108,41.77039137572572
2018-04-01,2604685,14390098,medium,high,10.691647144836292,35.86438559740182
2018-06-01,1774396,4953555,medium,high,9.551093454286544,35.15585320550424
2018-06-01,1995774,4616789,medium,high,8.192087984988731,39.668503139544285
2018-09-01,630642,5882185,medium,high,8.862169396936263,43.42901314808809
2018-02-01,1426296,26603516,medium,high,9.215952953618752,43.653418786365805
2018-11-01,1015645,28046241,medium,high,11.477380947033254,41.60787190799844
2018-01-01,1115390,18778701,medium,high,8.544396553239341,37.202123002427996
2018-09-01,1769745,19271351,medium,high,14.23062261137106,36.78616723404461
2018-12-01,1566394,12325312,medium,high,10.655376680367018,40.71492344651434
2018-07-01,2365876,14154601,medium,high,7.793979409248944,40.888868413208165
2018-08-01,367440,3219343,medium,high,9.349887778974768,36.86755721496672
2018-10-01,949587,18042454,medium,high,5.841409155517163,35.271191865710556
2018-05-01,1509817,13932123,medium,high,10.518251968284341,39.072580381683245
2018-05-01,1375643,27838764,medium,high,8.536664075921198,37.96855064309017
2018-06-01,2067144,15280623,medium,high,6.199741766339671,44.04364850639613
2018-03-01,2205313,3045954,medium,high,7.511119605477437,47.1551907351233
2018-02-01,2510742,13405351,medium,high,11.194854866110045,38.54697704594694
2018-03-01,2122361,18262236,medium,high,5.617560474959657,38.352618758927676
2018-06-01,2961080,611317,medium,high,8.77175850369326,35.068380633959876
2018-11-01,908466,5336345,medium,high,5.856823598361255,40.3293487671459
2018-10-01,1068975,11869702,medium,high,10.268714614549431,39.564983214155376
2018-03-01,2804286,17406842,medium,high,8.996093830525572,38.63773628278895
2018-07-01,887507,6936993,medium,high,14.277675756544586,39.18853231746391
2018-05-01,522565,20633226,medium,high,6.1212503466141275,44.15175491828014
2018-10-01,746110,13191260,medium,high,6.699798511656098,37.83505349312293
2018-07-01,393150,13142198,medium,high,8.719194575004593,35.994179819517576
2018-07-01,1697132,1094580,medium,high,6.000213728844988,37.80141618225429
2018-09-01,1034475,25423299,medium,high,7.262113940145496,40.88024781900525
2018-08-01,2469815,15009969,medium,high,12.989432868541444,39.88482239936431
2018-09-01,1637425,26358888,medium,high,10.912899574940967,36.440483403559135
2018-10-01,1656127,20096583,medium,high,10.471075261543323,37.800699560832946
2018-03-01,467181,22456415,medium,high,4.946788204287867,37.74802812832941
2018-03-01,905188,26272809,medium,high,8.22710951671493,38.63379791891673
2018-03-01,2293626,691914,medium,high,11.259794404670519,39.12895099467265
2018-05-01,1946740,12998815,medium,high,8.873134599726043,39.99197672651112
2018-02-01,1023529,26231971,medium,high,9.943794128573176,42.376774993570706
2018-05-01,2807146,24566696,medium,high,11.337845852745158,36.32863347019861
2018-12-01,764974,16759080,medium,high,12.08527135507536,37.517265210436975
2018-08-01,903630,14210711,medium,high,4.828001463674283,37.432339947399704
2018-03-01,1693029,24501592,medium,high,5.674448474909829,41.80913588488442
2018-06-01,1124187,20993310,medium,high,11.946197465162198,35.30980346023575
2018-05-01,2689643,2045615,medium,high,4.485411323621541,40.16695240690153
2018-07-01,1321762,27296106,medium,high,6.951076711501052,42.256223620353566
2018-10-01,2295760,6170719,medium,high,7.479361813278211,46.54885544771801
2018-12-01,2287178,19858114,medium,high,7.453851713267462,34.76210640005623
2018-08-01,1449455,17817889,medium,high,5.279714818949324,42.82525879775117
2018-03-01,2559484,27328304,medium,high,10.516282034891148,40.63260379881561
2018-03-01,2821705,22894885,medium,high,6.190202421304232,35.130415557518305
2018-10-01,1567825,18205665,medium,high,7.201480097870467,35.61260701990436
2018-05-01,436086,12909732,medium,high,9.313150264583289,39.13490896135011
2018-12-01,999094,12774771,medium,high,4.569144944984426,39.566546146352266
2018-06-01,1680105,26124050,medium,high,6.484779328379711,42.522232347169464
2018-12-01,352271,17167382,medium,high,10.16067382093321,40.9252317572508
2018-09-01,528423,14855404,medium,high,9.560786297187118,39.225606510580334
2018-01-01,2915105,1953900,medium,high,5.588898446931358,36.510396663976216
2018-06-01,1866460,21614631,medium,high,4.932619938010218,42.40225638118765
2018-09-01,2692136,7943799,medium,high,8.895678477716011,34.96270607900076
2018-04-01,959585,6504731,medium,high,8.94717423726292,43.501797252698964
2018-01-01,1320223,1223336,medium,high,12.386511119032406,38.96612124114906
2018-03-01,907337,22977490,medium,high,6.642139877902324,36.699451898746474
2018-04-01,923251,9434440,medium,high,10.963446090342586,37.414351740333956
2018-02-01,840096,8251481,medium,high,8.384015911565218,43.284659587219096
2018-02-01,2006359,24503188,medium,high,10.764986177707579,41.589573398801804
2018-01-01,1078160,8405446,medium,high,7.387330416192535,38.43181433048816
2018-02-01,670967,8660660,medium,high,14.204517263116257,36.895523422631335
2018-03-01,1805854,9620577,medium,high,6.5974775188351025,39.990783947754814
2018-12-01,1300647,27119904,medium,high,10.824892003228534,38.23519804684457
2018-10-01,314677,25147865,medium,high,12.134768439208568,39.586817073996336
2018-10-01,482501,12890324,medium,high,9.656973790269614,38.90779455009293
2018-05-01,2382716,27624861,medium,high,4.6096070940450105,41.76454777727256
2018-07-01,434211,13287313,medium,high,6.742267746978341,36.3593350608107
2018-10-01,834295,22074673,medium,high,10.532984040150652,39.22486012233972
2018-04-01,563484,5792440,medium,high,13.909786456331346,36.48717943705559
2018-07-01,895723,14963696,medium,high,10.980199249093477,39.2943013639459
2018-05-01,1756054,10597446,medium,high,4.879501892359071,43.62379566806909
2018-11-01,825708,23729110,medium,high,10.38627012989697,41.55429067413258
2018-02-01,2602603,6900195,medium,high,10.462886265484425,39.72889407802795
2018-01-01,2441790,21948751,medium,high,8.817192883287214,40.428495475043064
2018-06-01,1821066,12685783,medium,high,7.91869878395283,33.65668479651813
2018-02-01,1368825,21643355,medium,high,11.177601823034895,39.36291123684736
2018-01-01,860172,27011232,medium,high,6.9938228474500335,34.6411948129441
2018-10-01,1355994,2191653,medium,high,8.558010134651852,34.298333958672345
2018-05-01,2228305,1047819,medium,high,12.717104996239712,37.29403316920807
2018-10-01,2453804,7574312,medium,high,13.24687858231097,38.80855637426796
2018-10-01,1034311,1091216,medium,high,8.780570120283587,43.327179800317346
2018-09-01,987152,2369811,medium,high,6.579423845244227,37.032009442853145
2018-12-01,1480802,5925622,medium,high,13.896111637733448,38.64305364300783
2018-08-01,2332367,5765622,medium,high,4.255984114479534,39.276694780115626
2018-04-01,333092,25808714,medium,high,11.76628474990389,41.40313635391026
2018-09-01,2647599,11239971,medium,high,8.989776507245438,35.32664401215178
2018-12-01,887904,29692501,medium,high,11.028939262664613,41.47083579301969
2018-11-01,1728446,19143167,medium,high,10.559831378552497,36.58585261153091
2018-05-01,1501342,25555562,medium,high,10.594786234980905,42.350759977323946
2018-05-01,2347988,29209266,medium,high,8.304957321572195,44.152529479983116
2018-04-01,268723,19004395,medium,high,10.235403947322045,38.110359924542166
2018-03-01,1360670,1679785,medium,high,6.724525899990412,37.4052037780557
2018-08-01,1632493,6098510,medium,high,6.279679471133412,37.0493021623711
2018-03-01,1507487,16706893,medium,high,11.418066582721714,35.07645813007629
2018-10-01,1332849,8495209,medium,high,12.286541282557126,38.81327168800897
2018-03-01,268957,23378099,medium,high,5.881874013706288,41.609019955191116
2018-08-01,2593540,28469677,medium,high,9.474484971483147,36.80685977158129
2018-10-01,1223913,26180655,medium,high,10.366427184491346,42.74974277456543
2018-02-01,1332048,4050957,medium,high,8.178549549653251,46.09405942944398
2018-07-01,428680,8962264,medium,high,13.319209742923391,40.14985174975048
2018-01-01,662889,13865921,medium,high,11.317193063757765,38.68473556877439
2018-09-01,1740636,11695919,medium,high,13.101929360004176,40.07335537593461
2018-04-01,1484160,21913254,medium,high,12.391868216850707,41.98593841211603
2018-10-01,149833,21142948,medium,high,4.827089717007128,39.91855613763414
2018-06-01,2004810,3442759,medium,high,11.262833801604257,35.99940163010771
2018-07-01,2670477,21982689,medium,high,6.687955723940572,43.67278548430494
2018-05-01,863163,3124419,medium,high,11.796009002340451,37.006432740136184
2018-12-01,1239171,12502779,medium,high,4.520229356457209,41.083946866607064
2018-03-01,799187,10127246,medium,high,6.88006189839139,45.668432072751884
2018-03-01,2852006,7649001,medium,high,11.910595521220765,41.755164337345704
2018-06-01,1977043,14490375,medium,high,14.271564537781831,38.03076622644567
2018-03-01,1804273,11693765,medium,high,6.498046885885591,38.1894608838915
2018-11-01,2332120,4731117,medium,high,4.695313040992609,38.971560099843536
2018-04-01,305751,17749948,medium,high,5.5707146211709695,39.31816348744432
2018-01-01,737412,22989761,medium,high,6.680962967506268,36.29671763538354
2018-09-01,1070061,5009076,medium,high,13.088041046147483,39.69123399174249
2018-02-01,1509569,26723288,medium,high,13.876148945449575,38.78579650487873
2018-01-01,492265,12406783,medium,high,7.752446478611577,41.37966277260591
2018-02-01,2404888,6929953,medium,high,8.508865676229746,40.61392445086995
2018-04-01,475435,6153800,medium,high,12.39495962490628,40.99453753699347
2018-02-01,212569,2218823,medium,high,8.71449214289799,43.39512426371023
2018-12-01,2856913,6817766,medium,high,7.997466535483174,47.725836952018966
2018-03-01,2502539,28423967,medium,high,6.943681647125581,42.37826367596372
2018-07-01,2626968,3329669,medium,high,8.853567621427286,41.328947767349504
2018-04-01,449787,9561824,medium,high,9.556928671570986,41.95950147244866
2018-01-01,1704132,4144290,medium,high,5.653558586400223,41.65338475432874
2018-06-01,2554394,20777789,medium,high,8.535956039530252,43.05856731193165
2018-05-01,1299850,3105588,medium,high,7.922885075662802,42.98845059723632
2018-11-01,1324541,11406741,medium,high,9.396712331147315,35.97107431941395
2018-11-01,1090773,21001358,medium,high,5.92149648132399,37.104208797648
2018-04-01,1074937,28479761,medium,high,6.544877394609042,40.82740407357056
2018-01-01,105415,2685936,medium,high,11.944230727105225,41.995071888465944
2018-12-01,1831683,29317441,medium,high,10.006160108484488,38.85559810838508
2018-10-01,731936,23882023,medium,high,5.810603772571537,41.556165851169965
2018-04-01,2848359,16386070,medium,high,5.567937253381251,38.1333099746728
2018-02-01,960544,11422081,medium,high,11.803250785463861,41.84949539548302
2018-10-01,2929416,10089687,medium,high,10.4643766423029,38.666169654792164
2018-07-01,951367,11297156,medium,high,8.44610632610354,39.67732373929287
2018-04-01,773431,13761029,medium,high,7.817575000748166,44.17562139897231
2018-01-01,902378,22935921,medium,high,14.223763389056625,40.481041811325085
2018-12-01,439351,3187604,medium,high,5.9651740401842925,43.93932675990487
2018-04-01,2227781,10710887,medium,high,9.36759566856313,43.5885803739655
2018-10-01,2634183,6590034,medium,high,8.049000339327069,44.232787464867755
2018-05-01,1265553,18343204,medium,high,12.59446727128759,36.873897203069674
2018-10-01,265382,7027312,medium,high,8.741651642133967,42.98036876887504
2018-03-01,2658795,10251187,medium,high,9.503689840920982,39.19981905823709
2018-07-01,2742389,25669253,medium,high,6.867447243240976,35.72151443144239
2018-12-01,2187692,28103238,medium,high,5.037592303616541,44.23374352435008
2018-02-01,1220516,4803024,medium,high,12.836573085123002,39.18765552249264
2018-11-01,1244144,13108137,medium,high,4.258458630956481,38.53535911271767
2018-06-01,1202353,5532084,medium,high,7.919568416560581,40.921121552358635
2018-03-01,1688671,15312354,medium,high,7.289463714758422,46.05097206363948
2018-10-01,1402423,6549835,medium,high,6.642925492716968,37.41956464636673
2018-11-01,2881986,27649499,medium,high,9.281165737503194,38.061381870191674
2018-04-01,383167,18620903,medium,high,12.34234937244976,41.44658482944107
2018-06-01,2035024,14308192,medium,high,5.606191793813667,38.55305660052222
2018-04-01,523451,4829558,medium,high,10.708944335048606,36.24328256476805
2018-11-01,2086473,13429344,medium,high,9.103287240198757,43.1351456726899
2018-07-01,1402933,16922970,medium,high,12.59828401170425,40.18476992919605
2018-08-01,568764,23526294,medium,high,7.897860481650986,43.869164347413886
2018-07-01,347990,22804811,medium,high,8.288154322939382,39.60368889120422
2018-01-01,801035,9361020,medium,high,5.990808969503945,45.054178870688
2018-03-01,1919009,10945084,medium,high,5.825500894220269,42.933645896931836
2018-04-01,2486218,16725334,medium,high,11.838661136555135,40.65234133614282
2018-10-01,807811,18065845,medium,high,7.975429026311484,37.12901343393255
2018-05-01,507877,27325114,medium,high,8.872601677201429,34.85630116341148
2018-02-01,488891,24235629,medium,high,7.324591496560467,42.76708641138822
2018-05-01,648769,29144241,medium,high,10.082148745992377,35.51452592155269
2018-08-01,2660411,7638162,medium,high,10.959776425362985,40.78651414610602
2018-08-01,358920,24249552,medium,high,4.84807798992037,42.27905627962606
2018-08-01,880723,15430269,medium,high,5.807987596165162,44.34894134114753
2018-06-01,2653078,8202454,medium,high,6.908090205134712,36.752360777309335
2018-06-01,2156915,533051,medium,high,6.354847555972545,39.834752579220904
2018-05-01,2243950,23120498,medium,high,10.849942360195474,37.95624901005601
2018-01-01,2103237,25370604,medium,high,9.962104888491838,37.088093627628325
2018-01-01,2745912,1878588,medium,high,6.559387981670379,45.66018396658182
2018-12-01,2182554,3703720,medium,high,12.10752062571947,41.75849175021802
2018-06-01,713860,29731290,medium,high,12.268251347827688,39.89680763450107
2018-06-01,1137005,20973155,medium,high,9.70462630124112,40.638557316683446
2018-08-01,322414,418434,medium,high,12.980017811799499,41.91866380589873
2018-09-01,531105,24819246,medium,high,5.9277266948524865,38.84542655855574
2018-05-01,1615663,29106487,medium,high,9.935862036559666,36.27338697222595
2018-01-01,394022,9697857,medium,high,7.698436192579089,46.45450942116683
2018-05-01,1987273,22403044,medium,high,7.532356092944311,42.447438031372904
2018-04-01,1722850,14673668,medium,high,9.26470860876369,35.818536133929
2018-07-01,1039161,10152465,medium,high,4.314088223031152,37.91389716668027
2018-05-01,1968265,11295075,medium,high,9.626368118247477,38.43435391439183
2018-04-01,655852,17160331,medium,high,7.101657760924936,40.7320233504003
2018-08-01,2494646,7065108,medium,high,12.519312734827867,41.57524233965903
2018-06-01,922912,10887603,medium,high,12.121575410339332,36.484560276331905
2018-10-01,1965403,18467360,medium,high,9.413524050955402,38.87217867641295
2018-07-01,2919075,16574484,medium,high,8.67158901420814,44.21935879303581
2018-06-01,2910908,24772122,medium,high,6.187758784545859,39.23469378978653
2018-04-01,1816230,293817,medium,high,5.144312033122654,43.5456309671423
2018-03-01,542887,6368707,medium,high,7.984535260562435,33.80116553474679
2018-04-01,1498518,4154131,medium,high,8.843391092972489,40.451308953088464
2018-03-01,1334080,7028788,medium,high,7.011857761790425,43.55335919142515
2018-12-01,2464940,1522088,medium,high,12.088814896890637,41.573106809681164
2018-06-01,2537518,5861005,medium,high,6.848890479821934,42.07490231160952
2018-12-01,1409894,21560135,medium,high,10.270192401679441,42.12496940009065
2018-12-01,1837677,10798412,medium,high,8.740846082581886,44.200242794898614
2018-12-01,1639808,11834776,medium,high,7.807553225750569,42.59149763595789
2018-07-01,2552923,10598201,medium,high,11.76531623707493,41.246949052423076
2018-08-01,1102656,3393925,medium,high,11.476031042801077,35.20178519846169
2018-05-01,2929388,17883282,medium,high,13.99309019778154,37.590213398116575
2018-11-01,192455,14800913,medium,high,14.332957062399618,37.38458132366625
2018-12-01,468127,12242780,medium,high,7.383568474701235,35.10384506450991
2018-01-01,1484291,8075336,medium,high,10.38460478617891,38.251278657892016
2018-10-01,2413379,5888127,medium,high,11.115042420760222,38.9902491465534
2018-12-01,1717389,18394598,medium,high,12.800005892990637,40.52678161971211
2018-04-01,1883697,8176789,medium,high,4.300812715913953,41.36376464593455
2018-05-01,2980301,14903313,medium,high,4.439402047619451,42.384955356063955
2018-08-01,169426,26827816,medium,high,12.337680543475825,35.53409943370909
2018-02-01,619678,14127653,medium,high,5.540766597348386,42.01980651282481
2018-08-01,1133375,2006920,medium,high,9.55421733211501,37.81052123959206
2018-10-01,2824920,11959364,medium,high,9.0087126943098,35.676778177809
2018-02-01,2048989,18193781,medium,high,10.802046621501503,37.25874808694735
2018-10-01,995192,20474939,medium,high,5.09140707816578,39.312005101296364
2018-12-01,1192628,3530741,medium,high,11.144885114678367,40.78233457361456
2018-02-01,2104367,25669367,medium,high,13.241326979032968,40.127543811585646
2018-03-01,1949304,9039925,medium,high,10.921708422458648,38.97143619880162
2018-07-01,2278917,265970,medium,high,6.97187670686173,45.95113980133097
2018-07-01,2652465,29614884,medium,high,9.00758832207742,36.66982498334761
2018-06-01,270860,14072718,medium,high,13.56933571213534,40.48748187084595
2018-08-01,2618592,21248346,medium,high,8.904652353805677,40.64637217927805
2018-09-01,141714,8402825,medium,high,8.545412653098147,35.86626358053013
2018-07-01,2066417,27935297,medium,high,4.338120987523934,37.37854169167959
2018-04-01,1506479,17843058,medium,high,13.08168861825881,41.609343705597276
2018-09-01,1034854,8408340,medium,high,6.099853453620159,38.08052898317258
2018-08-01,1591822,10920832,medium,high,5.6821317733830226,40.667119561555566
2018-10-01,267519,13308727,medium,high,11.682505053460893,40.9797069705499
2018-12-01,2866021,21632943,medium,high,6.682819846734047,44.28145777656328
2018-09-01,2425342,23435468,medium,high,7.848711983378483,36.33662197589707
2018-11-01,854352,14162489,medium,high,12.361684077000342,36.90105177160384
2018-12-01,1422424,18911147,medium,high,4.808903553584665,36.25267976295129
2018-12-01,1774027,21856384,medium,high,7.532568157769975,45.08875251580986
2018-06-01,1593148,2204334,medium,high,6.869984035823377,36.88853208552372
2018-06-01,1244694,28930837,medium,high,7.211428699591568,40.516506432182304
2018-03-01,682152,156796,medium,high,9.107625187922935,34.53467761764397
2018-01-01,1659681,17236747,medium,high,11.335806484519738,37.790848376060644
2018-05-01,1490414,8100800,medium,high,10.070100766873196,41.421515155145514
2018-01-01,2397606,21749731,medium,high,7.462894965945897,46.614131452387426
2018-04-01,1491518,15474577,medium,high,11.52294117803927,36.76400425281448
2018-06-01,2079694,20036841,medium,high,8.029304060228153,43.54006516484273
2018-01-01,1497871,27958190,medium,high,7.134418510783271,45.13738459330786
2018-04-01,752659,15090444,medium,high,7.159288354070972,34.94275804564526
2018-03-01,2234549,9676864,medium,high,6.376485591273191,41.30429255556956
2018-01-01,2746735,29432330,medium,high,7.81203198704816,47.583008163151725
2018-12-01,353423,26436540,medium,high,12.07558052722179,40.40557066708707
2018-11-01,1729470,3285330,medium,high,9.544020645688313,38.904457985196366
2018-01-01,467206,25522468,medium,high,4.156250547841742,41.16900769640937
2018-03-01,2217308,10081531,medium,high,9.382556313742086,37.5682119514765
2018-01-01,705838,8117112,medium,high,7.379256466511778,37.308759317814136
2018-04-01,865646,12958408,medium,high,5.742220558885049,36.22995561198973
2018-12-01,2068965,3616076,medium,high,8.26994358603935,42.2922671281694
2018-06-01,2019228,8597131,medium,high,13.538342224579415,40.269991563717326
2018-12-01,2817088,10919268,medium,high,7.7076459990108255,42.495132931426454
2018-05-01,2228869,19067578,medium,high,14.57022839108458,38.211651183667456
2018-11-01,2778821,17523198,medium,high,4.025124198003452,41.604384271242346
2018-04-01,1762816,12338156,medium,high,8.241986958212227,45.947654233283835
2018-03-01,2002841,24292955,medium,high,7.780245895820708,46.1726098374586
2018-03-01,2285745,18210073,medium,high,5.46654947493087,41.488865863804186
2018-04-01,214879,12207409,medium,high,9.019160771517843,37.121702608435875
2018-07-01,735538,29660043,medium,high,9.003834483467195,34.223878164448095
2018-08-01,1675643,1719868,medium,high,10.313795259177983,40.32898875933854
2018-03-01,2395133,20199305,medium,high,12.068322440198632,39.256641146053994
2018-01-01,1039430,13993722,medium,high,12.20631372653509,41.99195410481611
2018-03-01,2943627,1933043,medium,high,7.849115867023726,41.922703319542215
2018-05-01,2229882,5928429,medium,high,7.110809848637974,34.98805288538394
2018-05-01,1602602,23718700,medium,high,8.861186751076465,39.32571740589011
2018-06-01,1817120,12569811,medium,high,12.60296690870514,37.33083598791633
2018-04-01,1853344,27464639,medium,high,6.8918204907326786,35.325708397363776
2018-03-01,716939,4794338,medium,high,10.241423601394594,36.75502387880104
2018-06-01,1482189,25763831,medium,high,8.664535674233012,43.46853312114009
2018-07-01,2670865,14107483,medium,high,7.70906099329138,35.94036511886975
2018-03-01,504272,24185915,medium,high,7.312787309182174,41.20090575465005
2018-08-01,1089733,11957505,medium,high,9.291665655818097,42.53630201368125
2018-08-01,1354293,11864026,medium,high,10.060124951148456,35.622618455303815
2018-01-01,624717,27949804,medium,high,9.62603275087952,36.75932841518364
2018-06-01,2830134,19149943,medium,high,6.328190552297782,39.96177327442698
2018-08-01,1998047,7608684,medium,high,4.318366048628834,38.41834303522575
2018-05-01,1906363,12472045,medium,high,10.42212542517262,35.199508370991005
2018-07-01,673456,29437848,medium,high,3.5320068803116644,38.90920709467431
2018-09-01,1117964,20097759,medium,high,5.703123459013313,45.080455564449785
2018-02-01,2749767,16310307,medium,high,7.012671031483391,44.697421136812096
2018-01-01,1804351,11073824,medium,high,4.425459209126608,39.75982897100627
2018-01-01,764544,27096853,medium,high,5.999134307448005,43.106900763567296
2018-09-01,2335718,11898014,medium,high,5.9146027475497505,37.42513780567953
2018-10-01,732808,8367941,medium,high,8.181744718718889,37.96915573418973
2018-08-01,2264097,1239397,medium,high,7.2823738604705905,40.90034722634188
2018-07-01,1638146,7122760,medium,high,7.011451073808851,38.6725913255331
2018-08-01,1360725,6005385,medium,high,9.973679799219235,41.01072406457436
2018-06-01,1677036,26068224,medium,high,7.0276444920137315,41.07121503485687
2018-03-01,704679,28572106,medium,high,4.851385460183719,40.53657244543062
2018-10-01,168735,24436854,medium,high,3.9675471213434563,38.55425880946705
2018-11-01,1221296,28440043,medium,high,5.121353670441687,43.29868350617311
2018-12-01,1281327,10657431,medium,high,7.7033729590286555,45.92950955596339
2018-02-01,1069690,21921737,medium,high,6.463163227689984,43.60238035882959
2018-02-01,1721735,6539324,medium,high,8.354593751278305,45.13218488224873
2018-03-01,1566633,19808726,medium,high,4.458856861907226,39.95997786161153
2018-08-01,621493,23309798,medium,high,7.743597224523713,36.15669997195788
2018-04-01,109337,25658102,medium,high,4.780215711999546,43.045330757198634
2018-04-01,348365,5369695,medium,high,4.867535443785766,39.12089276698642
2018-02-01,1532683,9675206,medium,high,7.080999103844059,35.828957757151365
2018-10-01,2376431,7874369,medium,high,13.516844281421262,37.10788699385612
2018-10-01,1360597,8485530,medium,high,9.128904218021702,36.80823036811433
2018-12-01,271459,9315102,medium,high,9.276052238866502,40.82427942436876
2018-11-01,102420,26101403,medium,high,12.406072548399495,41.747107988069004
2018-12-01,2522379,22863084,medium,high,5.1259037943816175,36.9167472705749
2018-08-01,815107,5117846,medium,high,8.326011439290722,42.66798259759619
2018-02-01,2494529,14631214,medium,high,10.903722800441825,41.107355713987026
2018-02-01,1842585,21778852,medium,high,9.501834893293507,37.83522330679756
2018-01-01,1312078,23531545,medium,high,13.21445358713513,36.81892308587385
2018-07-01,2467413,4029544,medium,high,5.6589499163656,37.473171770589865
2018-09-01,128309,12931619,medium,high,7.448854878115145,35.98732440179395
2018-05-01,2614653,3981289,medium,high,7.17589277237872,44.06862690056409
2018-09-01,2845754,21228899,medium,high,5.601404051817506,36.78168560393014
2018-09-01,402740,15743771,medium,high,7.15349731855713,34.87996211826403
2018-02-01,2162924,23501945,medium,high,13.024352885346516,36.88029096800758
2018-08-01,2688451,20989349,medium,high,9.188623973691675,34.76178846010133
2018-05-01,2936564,12948179,medium,high,8.255133727063459,37.857490057177166
2018-11-01,2042897,17277450,medium,high,9.972053008158175,41.18036216569854
2018-07-01,594234,24328733,medium,high,9.456943676632244,41.862903036638144
2018-04-01,873375,2873114,medium,high,12.485853253720084,37.13026602544239
2018-05-01,413838,25678302,medium,high,8.37719953218599,33.80885264646642
2018-08-01,1551427,7893110,medium,high,6.778739903259435,41.05674697528291
2018-03-01,2390409,12153234,medium,high,5.842097013030224,39.98586491435228
2018-04-01,1069843,1465122,medium,high,6.4429681405152515,38.416594794877525
2018-02-01,2059150,6670587,medium,high,6.702814366228502,37.44555285024382
2018-04-01,621344,6340461,medium,high,9.479187750379294,34.49701812327973
2018-01-01,2249845,18170166,medium,high,7.562861332077278,41.11185368476027
2018-01-01,228100,29146426,medium,high,13.32129505595951,36.533878359723175
2018-03-01,2826537,23187660,medium,high,7.231687594794297,35.06299880097361
2018-01-01,1488047,21044262,medium,high,12.73499695687165,40.44961945892412
2018-01-01,1448584,19346000,medium,high,6.036675963877916,44.057876181380145
2018-05-01,2180404,28168639,medium,high,8.596547638822154,43.799149954864866
2018-05-01,599403,27428785,medium,high,6.3848556743845215,46.237253452160594
2018-03-01,431800,20343216,medium,high,7.986152737563484,47.25333542099765
2018-05-01,1227106,460310,medium,high,7.071942617304682,41.207779486699195
2018-08-01,2083692,2363934,medium,high,10.410312986729505,39.67676670862526
2018-06-01,1217076,19974470,medium,high,4.5760500167148646,36.11880010096138
2018-06-01,231013,10748915,medium,high,8.831953330510771,41.987244108770426
2018-08-01,437670,25808048,medium,high,6.727933481298059,38.38006614785448
2018-12-01,2401080,12350655,medium,high,7.532950868218758,35.59729495128924
2018-12-01,2310001,14918419,medium,high,11.59669707713815,35.23272278748196
2018-07-01,427149,10472830,medium,high,7.947558505403918,40.19906182154514
2018-02-01,1543319,16236548,medium,high,4.859708907001361,36.74973154016402
2018-10-01,2891586,255334,medium,high,4.017755113326854,38.30185028893307
2018-01-01,1643178,5491043,medium,high,9.24248017345044,37.4663308938704
2018-04-01,1939706,8268486,medium,high,14.405041090654851,38.87541634350818
2018-04-01,517447,18542515,medium,high,10.953078909802404,36.5827015309528
2018-04-01,1766035,9202632,medium,high,12.743878717854827,41.438638571943635
2018-11-01,2919742,6863898,medium,high,12.613178863763727,40.97883579377502
2018-02-01,2353409,1645859,medium,high,11.423486733386301,38.41902339268126
2018-08-01,2551419,10511862,medium,high,8.540304841207657,37.05199576130532
2018-03-01,2789698,5634851,medium,high,10.482426586893098,39.89044245508233
2018-11-01,2508615,22188269,medium,high,7.635437520820527,38.63555187337342
2018-11-01,702039,20580013,medium,high,13.238482775013239,37.03898944719353
2018-01-01,654008,9807510,medium,high,10.706751716743756,41.986102505262465
2018-07-01,1145532,17440536,medium,high,14.185730346246396,39.39469734275571
2018-06-01,2272661,14469879,medium,high,14.400877809048477,38.04404064462597
2018-11-01,978586,24200504,medium,high,7.097850220298988,45.889441929321336
2018-04-01,2047407,27790174,medium,high,7.692135754505603,39.80499275786532
2018-11-01,1513595,3810308,medium,high,10.762832803259574,36.260582261800984
2018-07-01,2658746,6573150,medium,high,7.577970285072117,45.09942814477005
2018-01-01,1825206,9190848,medium,high,6.615422242564193,36.189976213912864
2018-01-01,802739,14364962,medium,high,12.198906864818634,37.10063733388635
2018-04-01,2482956,11510175,medium,high,10.480591362325708,39.0684983862997
2018-07-01,1878119,16269132,medium,high,7.242866260809903,36.97596907083267
2018-07-01,861892,15166473,medium,high,14.468574956104444,40.047050290977396
2018-10-01,1713670,23164911,medium,high,9.308223828155965,37.419532891321964
2018-03-01,1566521,2732587,medium,high,4.753139688401019,40.91650217194871
2018-04-01,451745,7077238,medium,high,5.105471746717766,39.45531231734499
2018-07-01,1087148,28922027,medium,high,5.498911088573347,39.017619382695045
2018-11-01,860303,22993935,medium,high,12.8464992232934,41.54005303668508
2018-08-01,222301,28577465,medium,high,6.292792765311672,41.41799745894558
2018-10-01,1527501,26830470,medium,high,14.093518261837293,38.61217555323428
2018-06-01,2371341,4653766,medium,high,7.011646796296391,38.154042770239606
2018-10-01,697960,23582457,medium,high,10.214959492503734,40.02719537628862
2018-10-01,861311,24449307,medium,high,10.0113286623895,39.067894097341316
2018-01-01,1143766,15071540,medium,high,8.487328415237762,42.21697870679351
2018-06-01,629665,6017428,medium,high,12.62185751690012,40.69609342118519
2018-07-01,1322058,21811125,medium,high,7.41848247995175,38.3623690074245
2018-07-01,901370,5663230,medium,high,12.014558143070943,37.29714824203862
2018-10-01,2260821,11837555,medium,high,10.386784031990857,38.63702938987406
2018-11-01,2232999,23892466,medium,high,6.412827753011451,45.691914866219214
2018-10-01,781739,16571675,medium,high,4.75048833887357,42.134253310503624
2018-10-01,905385,28855559,medium,high,11.432686854326377,37.91863931553967
2018-11-01,2533004,6904495,medium,high,12.191264246705801,39.8047361846619
2018-01-01,410708,7993542,medium,high,12.528605810350209,38.03148715647871
2018-01-01,2705655,3128179,medium,high,7.008184030524671,36.6488085756904
2018-10-01,2585960,29518936,medium,high,9.704934842943882,34.5483745480779
2018-02-01,645642,19148484,medium,high,11.207291374302045,40.07726127499225
2018-06-01,1408349,24778565,medium,high,11.148400223004234,40.54912600619366
2018-08-01,701543,6871866,medium,high,5.409898289999069,44.47613389604466
2018-12-01,902192,7816359,medium,high,13.011563100152392,36.62956347629931
2018-04-01,1030063,5585529,medium,high,12.49963477685505,35.937361770032496
2018-05-01,764065,21335242,medium,high,4.726693563790038,36.95085861606541
2018-03-01,2866665,15202765,medium,high,5.37901543039458,43.84656129299903
2018-09-01,1538372,18224220,medium,high,12.870501842434473,41.129400485829464
2018-05-01,131903,1493661,medium,high,3.864901976268876,38.489513784932676
2018-03-01,2660658,404712,medium,high,5.075160556428069,38.86558427871949
2018-12-01,2838173,10127432,medium,high,6.470988437912913,35.7260535842328
2018-02-01,2976315,14402710,medium,high,11.318082152802441,40.97700383701638
2018-11-01,2352377,1163638,medium,high,8.338057859578822,35.44925171409794
2018-08-01,1364766,29160210,medium,high,6.821104855520386,41.39236221008131
2018-04-01,2731664,3145298,medium,high,12.044633481421501,35.58188355308753
2018-09-01,1000234,20484429,medium,high,9.267417280481066,39.284939299238104
2018-02-01,739800,26875919,medium,high,11.305872247249546,41.73443560657847
2018-10-01,2433858,25438675,medium,high,7.078808217210394,45.75242352891183
2018-02-01,1024293,840292,medium,high,13.936939870366823,39.75442770249818
2018-07-01,839255,27187494,medium,high,5.524552129033967,37.57835080260996
2018-10-01,2752419,29377338,medium,high,10.45634247222682,36.78310521937214
2018-02-01,1153975,1413591,medium,high,13.005051209618735,38.56813565384036
2018-01-01,982164,20382505,medium,high,9.627794047071962,39.628080129497576
2018-09-01,1304463,4947097,medium,high,4.385616202542239,37.38379925678369
2018-11-01,1467417,20325354,medium,high,11.773689035788133,38.64327869082768
2018-11-01,1550726,12826014,medium,high,8.183048028096426,39.46724840639439
2018-01-01,348905,24419505,medium,high,10.101584140140815,42.02034445607261
2018-12-01,2581044,8894268,medium,high,9.858655304104428,36.91760006745453
2018-05-01,255852,12819123,medium,high,8.180200330427729,40.325097349474504
2018-04-01,2882882,6189392,medium,high,7.894861021685202,42.58830451843543
2018-05-01,1193226,12846487,medium,high,6.608077284943674,43.311448041131456
2018-06-01,702175,11092873,medium,high,3.663089686074436,38.236962283563706
2018-06-01,2524575,9695659,medium,high,8.514972257242494,34.732252226886985
2018-09-01,1939226,28721805,medium,high,4.52603163868423,37.14132279114064
2018-03-01,908178,3174986,medium,high,6.645727890736193,41.13017257929289
2018-11-01,2783869,9203503,medium,high,11.762868252196483,37.359932992759134
2018-03-01,2661056,5167835,medium,high,6.537354564670065,39.421825165425346
2018-07-01,494064,12074646,medium,high,11.983045281783639,39.71262572688794
2018-10-01,459210,19835706,medium,high,11.589267380685284,38.17274695345113
2018-12-01,622316,7414393,medium,high,5.132778209457056,43.73076005974894
2018-12-01,1635290,3768974,medium,high,7.276926601767714,40.168512165767034
2018-10-01,1061015,25504902,medium,high,10.19898289527619,41.24979345810761
2018-08-01,1803668,9315354,medium,high,13.801664342849836,40.78365056428467
2018-01-01,332313,17285228,medium,high,8.42878334395,34.61316570668483
2018-10-01,2645707,1304615,medium,high,11.958247409546663,37.5850235971929
2018-07-01,188657,3800948,medium,high,6.416069340256592,44.32317376098544
2018-03-01,2974195,28094785,medium,high,9.873669074074936,35.672183207226084
2018-08-01,2187317,15431481,medium,high,7.521803051012333,47.35849793680319
2018-12-01,1469605,17716994,medium,high,7.239164064253286,38.20131727102122
2018-02-01,1281656,18326696,medium,high,3.6306047182925507,38.10814664245672
2018-07-01,2334423,5084311,medium,high,13.58227883068691,38.56680270625735
2018-02-01,1971104,17663879,medium,high,13.696491273678712,37.671512718179386
2018-04-01,804187,3617923,medium,high,7.113123740532005,44.06400031689964
2018-05-01,2266525,1977609,medium,high,8.493699321490713,36.44188931541349
2018-12-01,2614762,15418593,medium,high,9.503770190204072,42.76510412145841
2018-12-01,1020104,8635726,medium,high,7.0450868294525195,38.67586820945804
2018-10-01,452013,752013,medium,high,13.846228152843217,38.48876309120723
2018-08-01,1497063,4722066,medium,high,6.814896042979669,37.58042154084629
2018-03-01,359321,11788336,medium,high,7.853355351650865,35.04617423613935
2018-09-01,2551239,20973566,medium,high,5.714787222695545,36.258866163831186
2018-05-01,2135553,1884308,medium,high,6.260396218986097,42.6023094583623
2018-11-01,1748404,3469400,medium,high,7.2778215295233375,45.915487895763846
2018-06-01,1110457,1712593,medium,high,13.170985396658088,37.550350400271
2018-04-01,471312,25107412,medium,high,10.094176826177163,41.47338626023551
2018-10-01,1272071,12561139,medium,high,11.08329322083987,40.89902969344763
2018-05-01,623115,25815197,medium,high,7.28335599218283,40.28770412305425
2018-10-01,2845818,924666,medium,high,5.952190888400936,37.809363156497064
2018-05-01,1839075,14824798,medium,high,6.082944705042138,36.779006555415215
2018-04-01,1268275,24684806,medium,high,6.935887012077805,38.44184729423804
2018-03-01,1638597,9663593,medium,high,10.104253065806965,40.94401214071905
2018-07-01,2860484,15701750,medium,high,7.311611302852958,38.75710809209311
2018-06-01,1466212,9777038,medium,high,3.8769290557461016,38.904769833859376
2018-11-01,445204,9779552,medium,high,14.312182751543334,39.58252126480175
2018-07-01,2486075,15014695,medium,high,6.669956812359912,35.857938239751746
2018-07-01,2992756,12010593,medium,high,7.996207947776619,34.68933139050779
2018-08-01,1901629,2333725,medium,high,6.956963419648654,34.89807256537337
2018-05-01,1366074,14537514,medium,high,5.939286335019131,43.12509589787767
2018-07-01,1556538,11811050,medium,high,11.982761169902766,37.62599782625855
2018-03-01,2026416,27753628,medium,high,7.192870280533568,46.598475881077256
2018-02-01,2612862,2180406,medium,high,7.3234750854806006,43.13718548333276
2018-08-01,2689895,6954977,medium,high,5.389220065231417,36.902186125652456
2018-08-01,1393693,5474853,medium,high,9.620690171665402,41.90116195367132
2018-08-01,366279,13209577,medium,high,6.183107270422685,41.96605582309395
2018-02-01,2232027,21356701,medium,high,13.473054924708148,41.14896180522085
2018-04-01,947564,4779371,medium,high,4.330872633027106,40.59491040931192
2018-05-01,751346,21159707,medium,high,4.268309911647033,38.89894983477854
2018-02-01,2126761,21450536,medium,high,7.006392848850195,38.70733589920699
2018-09-01,2993297,6787568,medium,high,8.48595788602291,41.82330554948971
2018-05-01,1372651,16777463,medium,high,14.086429768606644,40.26549021843855
2018-07-01,922270,17462925,medium,high,8.774948769597717,43.365989333663634
2018-08-01,1316722,23192608,medium,high,11.761707536454828,40.61606347864598
2018-06-01,1750552,24392641,medium,high,9.426182669749043,38.543017257746904
2018-12-01,2691143,12877057,medium,high,11.496112605514194,40.489927633756515
2018-07-01,1974945,22164251,medium,high,4.696179074442835,40.99754298990773
2018-09-01,1784956,4518037,medium,high,8.512196330124196,44.198625436463345
2018-07-01,1807591,29435719,medium,high,5.37084121741902,41.4084255299544
2018-07-01,2273661,2197899,medium,high,9.367221339126559,35.86766205651624
2018-09-01,2758916,22679705,medium,high,9.256071046972295,40.63328748256094
2018-10-01,2818624,10289705,medium,high,13.830396110811483,39.29754032893319
2018-10-01,965586,14118251,medium,high,6.575014262195758,44.08242152238269
2018-10-01,2767486,9483665,medium,high,7.21011730119805,44.89578019388164
2018-09-01,249587,10553855,medium,high,11.242502786679935,39.46160034871119
2018-04-01,754127,27960287,medium,high,5.020393161686149,38.362309137399336
2018-11-01,416576,20791357,medium,high,7.991281315967662,35.68624982321977
2018-09-01,2753784,23115315,medium,high,5.085316868651253,37.105482484395075
2018-06-01,1024394,3705594,medium,high,5.653722501472732,41.41402014138269
2018-08-01,639111,27103184,medium,high,8.277372936644241,38.306427661152064
2018-11-01,2425420,13067668,medium,high,8.752723371323182,43.18521126129629
2018-06-01,1923698,21836560,medium,high,5.092060564517869,43.01906877249734
2018-02-01,2067282,14459073,medium,high,9.56630637007277,39.733943558018524
2018-01-01,1011096,8373702,medium,high,8.072587917052278,38.16910247502853
2018-11-01,1355706,3121624,medium,high,5.006660962982782,44.40641311386671
2018-05-01,694264,1500728,medium,high,7.757323386145252,42.755471511667814
2018-10-01,933107,6700025,medium,high,7.85270678035109,35.85227308647836
2018-04-01,2843858,28030966,medium,high,14.177258239693971,37.823373739374226
2018-04-01,1176201,8169355,medium,high,9.623363318107952,42.98792203866939
2018-02-01,1211603,1523889,medium,high,6.746591302508996,41.98785817799387
2018-08-01,1017642,15354766,medium,high,7.246989252901839,39.74360828555819
2018-07-01,2421010,18084665,medium,high,7.914458719456871,45.952423245312666
2018-05-01,2754423,21675732,medium,high,12.659184044701773,39.16904314228959
2018-02-01,1698605,15269767,medium,high,5.845873503210712,43.15791547835797
2018-08-01,2471426,3898734,medium,high,5.830067067989193,37.919922372339705
2018-08-01,553305,18899224,medium,high,12.98280522753472,41.769760012843165
2018-06-01,115494,12119910,medium,high,7.936958899187189,33.18524802283704
2018-11-01,2890446,19946722,medium,high,7.529867869029765,34.81971535443529
2018-09-01,2238043,14120680,medium,high,6.6133890087765685,39.17459398413911
2018-11-01,1909770,6451228,medium,high,5.778836029035714,38.75761035486798
2018-01-01,2241611,29367478,medium,high,4.21606854285662,38.29234137746445
2018-02-01,2617191,21147382,medium,high,12.964562565309002,38.62343830756109
2018-08-01,1856211,5820721,medium,high,7.852732188337107,44.08790202442644
2018-06-01,1101369,3412027,medium,high,4.886477645615734,40.15379903609028
2018-05-01,1130773,20814243,medium,high,6.996869133337975,44.325734727498684
2018-12-01,1374444,6238185,medium,high,14.269436944621416,38.44678787743799
2018-08-01,2739736,3867655,medium,high,9.912605323602959,41.80785192903818
2018-10-01,1118680,4133465,medium,high,4.967646293070898,38.50931681420144
2018-08-01,431251,12204149,medium,high,6.95647879029044,45.59420168517208
2018-07-01,581253,6294845,medium,high,8.365864318014236,40.65134263678525
2018-09-01,838783,6057295,medium,high,7.018657640735001,44.97214220383191
2018-04-01,2791259,16900355,medium,high,8.834089084961505,37.42646091932559
2018-11-01,256203,22241256,medium,high,9.205473357006134,42.66938786869036
2018-02-01,2042984,4998840,medium,high,9.688359424661407,42.486463626412586
2018-10-01,507861,26879231,medium,high,9.97336385706993,38.79450094115412
2018-06-01,2287001,16328257,medium,high,7.14858737590791,45.42861359765986
2018-02-01,1492271,6829145,medium,high,5.363609417828146,38.261378147132035
2018-01-01,368897,7656950,medium,high,10.697977214683931,37.169140632257374
2018-10-01,1058560,10370384,medium,high,8.743821843850075,36.33928115314905
2018-11-01,696732,19314391,medium,high,6.830581158923929,41.24302412808568
2018-02-01,1146033,12005245,medium,high,11.647504045211699,40.693336350109405
2018-11-01,1541255,8265002,medium,high,6.04741444966173,36.2205922271837
2018-11-01,181184,10934374,medium,high,5.686462143626459,37.55212224078623
2018-02-01,2299238,11478404,medium,high,12.702773321702178,39.32171394403567
2018-06-01,174264,2314939,medium,high,9.9701798365246,34.36545480154603
2018-02-01,741705,15084262,medium,high,11.203228544130326,35.78633354732629
2018-08-01,2851395,7353037,medium,high,7.9311100835040955,45.71164852164594
2018-09-01,2101864,889308,medium,high,9.981529149845676,40.83578888587053
2018-10-01,1501336,16804744,medium,high,6.6783178971081245,38.42849087765518
2018-03-01,2248922,17494802,medium,high,14.560693952636452,39.08414968024992
2018-07-01,2765367,20717088,medium,high,6.259601317504057,42.09440830775391
2018-07-01,1192005,22792706,medium,high,11.674801410957194,40.58660419204173
2018-02-01,2062417,28445775,medium,high,9.29100530653592,42.92532309695616
2018-12-01,907903,4062946,medium,high,6.946361446670872,37.86168797221208
2018-01-01,1994842,13417377,medium,high,8.756457159216914,43.07180258067958
2018-02-01,2785211,2740519,medium,high,13.335930800389654,37.361991793403526
2018-02-01,1033025,26901952,medium,high,12.236941150241853,37.30283125499127
2018-11-01,1331271,15767794,medium,high,3.999022932293643,38.10831331518421
2018-10-01,1719054,11465998,medium,high,4.970616963645002,41.83704159294824
2018-06-01,1336599,16331236,medium,high,6.635213586134441,40.155843202591555
2018-12-01,1099178,13105298,medium,high,9.48137483900957,37.109706618680775
2018-06-01,2931258,19868672,medium,high,7.018366398283138,45.1550746921122
2018-10-01,2737676,20463365,medium,high,5.746109467277767,42.43556857268589
2018-02-01,2303902,25507297,medium,high,6.837035419597379,34.66728778454985
2018-12-01,2960631,24288356,medium,high,10.651080293542458,34.76282769959813
2018-02-01,2185085,22141834,medium,high,6.27479814516855,45.85617789991787
2018-07-01,1240936,26490898,medium,high,8.201409567890787,37.34261685048918
2018-11-01,1341443,24160186,medium,high,8.327840804105417,33.727806782603565
2018-02-01,748006,5290477,medium,high,7.222586394039583,46.65215569670987
2018-03-01,824610,7406868,medium,high,5.707675348069555,36.92629470192969
2018-05-01,948936,2266609,medium,high,10.396494531801377,35.69642015900746
2018-12-01,554538,18857005,medium,high,10.51358620372562,41.68686649853686
2018-04-01,517888,15126710,medium,high,11.032388517229652,38.413353894644445
2018-01-01,346320,3834506,medium,high,7.054527965551324,40.65103306388458
2018-03-01,2739906,18310107,medium,high,9.883868676226427,36.53897007351434
2018-10-01,719064,16012740,medium,high,7.048295503611744,41.475041727986266
2018-07-01,2425680,3204248,medium,high,12.722146443713052,39.91166909865274
2018-09-01,1583357,21136457,medium,high,4.828716494065216,41.03743234019827
2018-02-01,459424,21906208,medium,high,5.309838440954037,41.884834286895554
2018-04-01,294893,22511551,medium,high,11.757169986182408,37.78488557158102
2018-07-01,791228,21306350,medium,high,8.28704778053113,37.89760039933528
2018-02-01,117494,23676435,medium,high,6.068766523002896,45.317090808419984
2018-11-01,1468919,25974845,medium,high,10.346558934769835,38.83926696002515
2018-07-01,2294612,10713876,medium,high,9.982872107553176,42.38844017284607
2018-03-01,1477638,17867308,medium,high,9.986565835261164,38.275516659996335
2018-08-01,1155127,22378813,medium,high,8.27716213273355,44.20555400131296
2018-03-01,2024545,25468328,medium,high,13.121902676116255,37.04079354545871
2018-09-01,1934588,29262209,medium,high,6.603074732975539,39.73420706702899
2018-02-01,2039931,25976543,medium,high,13.278665598575412,37.23195695513179
2018-09-01,2054193,9448085,medium,high,7.803471359913413,45.69427788395309
2018-02-01,1822193,19894755,medium,high,11.419976226369558,38.96895691884159
2018-08-01,301035,2035220,medium,high,6.076855263111217,36.899049502865815
2018-04-01,283725,2973903,medium,high,7.501424834181098,34.4353770749348
2018-12-01,2501033,3018261,medium,high,9.660544440934618,43.028692981830325
2018-08-01,2460847,12784704,medium,high,7.802822432717898,36.32515149074759
2018-04-01,2453725,23962230,medium,high,7.799446693830771,46.43275579071224
2018-05-01,712056,29808441,medium,high,5.561538979072251,37.554547591540164
2018-06-01,1765663,22467740,medium,high,7.762571769759321,44.25793127179224
2018-03-01,274255,14675126,medium,high,5.993221780517217,45.046576262099194
2018-02-01,333217,21282990,medium,high,6.496361659256832,45.79476411998134
2018-07-01,1312428,19483585,medium,high,12.995180575733013,41.411908653475784
2018-08-01,1149661,2961634,medium,high,9.916641203871437,37.09335514102241
2018-06-01,1446044,15842443,medium,high,13.309928269931081,40.77267881933984
2018-09-01,374740,23629569,medium,high,12.393684657842327,36.28048446099715
2018-06-01,2581872,21318356,medium,high,13.111166720116252,40.26787322238152
2018-12-01,385954,2667098,medium,high,8.33214926671993,40.15431744838173
2018-01-01,2177622,27213125,medium,high,5.9013968804026415,35.77158557470806
2018-08-01,2968412,27243633,medium,high,11.214851806652598,40.036019463759665
2018-01-01,1976116,15766087,medium,high,11.359642503873072,36.36432245453165
2018-10-01,2344071,19930913,medium,high,13.00116604101984,40.33150304484451
2018-02-01,292722,13535900,medium,high,13.221146846835898,39.020669519159185
2018-02-01,961477,18436331,medium,high,9.067311611662202,43.67602297917108
2018-11-01,570262,25758368,medium,high,7.305252923879419,39.91703845930169
2018-02-01,561494,376576,medium,high,11.791263363343125,37.63281259022439
2018-01-01,913135,10270869,medium,high,7.719584918385531,45.68367061654534
2018-04-01,361565,25763194,medium,high,9.84407096547112,41.28344758352171
2018-04-01,198295,22252374,medium,high,6.482048920870655,42.825679686107875
2018-09-01,2618272,10885081,medium,high,5.9285835914938065,38.526341787621575
2018-04-01,397460,26425360,medium,high,12.683227938603869,40.631213945480106
2018-03-01,2902261,10836067,medium,high,6.390722189723974,43.014627978098105
2018-07-01,141427,28034701,medium,high,8.815831059499475,40.540661239537044
2018-12-01,1540614,14288910,medium,high,11.780684252305644,37.50608107521068
2018-03-01,1102203,7778936,medium,high,5.816913178804713,38.95870354953219
2018-10-01,1320206,16141402,medium,high,12.511162658889324,36.71167586171378
2018-09-01,595521,22738447,medium,high,10.807575832357738,42.023214839383336
2018-02-01,696697,369347,medium,high,11.546840550048548,37.94252933486854
2018-08-01,652906,3735547,medium,high,11.697670575732545,37.575674285176746
2018-06-01,2036107,15734174,medium,high,6.1031009957812,36.64376016464989
2018-07-01,1302117,3153407,medium,high,7.304296963567262,35.77024933605714
2018-11-01,362213,17801284,medium,high,6.328119016093188,36.11604352911879
2018-12-01,886519,23785151,medium,high,13.693688667270303,38.59689372018027
2018-11-01,1619092,13237845,medium,high,4.197092548668618,40.34759455961406
2018-10-01,1192682,5381790,medium,high,4.610802340548318,38.2807651788055
2018-11-01,1786118,29783114,medium,high,8.274930168575084,40.37145551075707
2018-09-01,2419658,14695089,medium,high,9.989361339084386,40.383230612799096
2018-10-01,1368534,21047004,medium,high,12.7522026039515,37.907610547368456
2018-01-01,323051,8973350,medium,high,8.804769705307951,39.58734324119136
2018-03-01,2868090,21993691,medium,high,10.488270865432433,37.683449194768784
2018-07-01,898460,26772483,medium,high,5.462045541374518,36.29610138427767
2018-08-01,1738133,2439365,medium,high,13.397573089740035,38.997091053835426
2018-08-01,1805160,6209126,medium,high,6.694056524133303,41.45659663305526
2018-07-01,2868053,24075358,medium,high,9.227958046695711,41.41468291168581
2018-01-01,876770,15472776,medium,high,9.883555594147428,35.11159211944948
2018-02-01,2251667,6592556,medium,high,6.5396138608947805,39.945057609609776
2018-01-01,2082580,10304870,medium,high,7.611650045625039,39.070745997046025
2018-11-01,1431100,21096888,medium,high,11.916365127105891,37.67158194044958
2018-11-01,1663878,4438643,medium,high,7.953114426292368,33.56882948324935
2018-10-01,1247206,13194122,medium,high,10.051558017627904,39.54312127640978
2018-02-01,2252186,20124488,medium,high,10.184066126115141,36.53134897180404
2018-06-01,1041596,20422605,medium,high,11.034802377640077,38.81799735522694
2018-01-01,392251,844187,medium,high,5.361854415664894,42.16890593035814
2018-11-01,1730496,22936085,medium,high,8.047645960065797,39.256121080499895
2018-04-01,201945,22208954,medium,high,6.182375569873782,36.18577200394237
2018-02-01,286819,20521136,medium,high,5.397094191106172,42.03999340349056
2018-08-01,829646,6484883,medium,high,6.825639054654017,38.973960930617665
2018-11-01,438754,18164145,medium,high,6.165882596433418,43.39626034950433
2018-12-01,2776878,26010641,medium,high,9.179803008802677,34.176304919664936
2018-08-01,1639093,7277853,medium,high,9.087774175612523,42.25524922862902
2018-02-01,2934893,28578707,medium,high,5.156352841266518,39.61007782661134
2018-10-01,2796104,2749902,medium,high,13.059304759767162,39.63860666319403
2018-10-01,2796869,12835785,medium,high,12.289305460416399,40.164622105618065
2018-08-01,1516535,12767742,medium,high,5.760836776784494,37.75634609223499
2018-03-01,965915,7960468,medium,high,4.892947725756241,36.580654668204495
2018-04-01,753677,18379643,medium,high,11.444969470273769,39.675328250394095
2018-02-01,2277112,9663664,medium,high,7.473096931610335,35.38537252305932
2018-12-01,2951426,8797505,medium,high,11.809071423462923,39.321272902963855
2018-10-01,2196389,26344402,medium,high,4.463353901218937,40.893468876271896
2018-12-01,618477,17914698,medium,high,10.164142157383921,37.694888381010216
2018-02-01,538818,28118013,medium,high,6.962917969029949,40.74131050576075
2018-01-01,219152,28781527,medium,high,10.206613999387148,41.3598384994554
2018-04-01,1551930,29973592,medium,high,6.961153386704572,38.17932564362797
2018-12-01,239392,16354522,medium,high,12.218818817606195,38.36648835866848
2018-08-01,2235332,3350480,medium,high,10.856836004114985,38.41590635289302
2018-08-01,2632940,594900,medium,high,7.691225332508819,38.93846066648801
2018-06-01,2135980,5702652,medium,high,7.768740638889946,43.6298227201462
2018-08-01,361034,13226245,medium,high,10.550434959842189,42.621261762858666
2018-01-01,2568906,6725344,medium,high,6.864709535098653,35.47122083300142
2018-03-01,908449,7803129,medium,high,6.3913793238597965,36.5184721232461
2018-05-01,511680,26096085,medium,high,5.36192705212786,42.091955562835516
2018-08-01,1080351,13872712,medium,high,10.21922536152205,38.536251172610875
2018-08-01,685723,5846870,medium,high,7.937103177422775,41.62746761894554
2018-07-01,1735784,13283981,medium,high,7.530086066629347,43.81505618741377
2018-08-01,2680365,12561428,medium,high,5.3687047034598105,38.338514325253655
2018-01-01,1613108,21283684,medium,high,7.167764494367344,38.00742804964544
2018-10-01,2314924,20402717,medium,high,6.935055572104845,44.26804695066136
2018-09-01,2758607,14798568,medium,high,8.879960427707477,34.80659367016765
2018-04-01,716744,9964086,medium,high,12.055376666518864,39.91088997140505
2018-05-01,2935976,24230999,medium,high,9.41650972323778,39.143133128567776
2018-08-01,764196,12744434,medium,high,8.436785723396163,36.33677078753242
2018-07-01,1394739,17764631,medium,high,7.008073479526934,35.65790199529842
2018-08-01,2714233,15653003,medium,high,10.517831169468222,40.449852616621015
2018-03-01,637469,8870454,medium,high,7.358595847608975,34.53738646913901
2018-07-01,722066,10549306,medium,high,14.046145559214283,38.63571349121131
2018-07-01,1387842,15553472,medium,high,6.538584374703333,44.181367128559955
2018-06-01,2128843,11394535,medium,high,4.064726156614995,37.692281717688424
2018-05-01,1593077,25797341,medium,high,8.87268879378517,37.76068479882771
2018-04-01,2910896,16782700,medium,high,11.733993463963618,40.07037734880444
2018-03-01,2252541,24649906,medium,high,4.463701501234752,36.68427062014003
2018-11-01,567472,11511312,medium,high,5.526749871078512,40.06347122330564
2018-12-01,2259607,25447962,medium,high,7.536144233042783,46.17011598870803
2018-04-01,2482137,24665689,medium,high,10.526091607667212,38.501485761819325
2018-04-01,358641,10517277,medium,high,7.163284326679843,39.44629005842327
2018-03-01,191606,2755181,medium,high,4.801575120209966,37.40666619983237
2018-01-01,2989815,17190384,medium,high,10.940506536661083,38.970526688880994
2018-02-01,1655574,1075757,medium,high,12.405282032675622,41.111469634898214
2018-04-01,425506,1968356,medium,high,8.55509350165801,39.370366997227045
2018-10-01,781342,15354437,medium,high,12.937735420358981,41.61028158906649
2018-01-01,1461617,22398589,medium,high,8.07471571196064,34.3524606494927
2018-09-01,2049653,2791215,medium,high,9.423762984880028,40.673230630067934
2018-02-01,1656536,25350837,medium,high,6.239818120928505,36.185890763579934
2018-06-01,272105,18015156,medium,high,6.147362873955275,41.54112700115962
2018-02-01,2579561,18248270,medium,high,9.916676441326132,41.447809218792734
2018-11-01,2187286,26770333,medium,high,12.558797913038125,40.507426244126755
2018-06-01,1084520,4348331,medium,high,8.084178846329888,41.41310035930641
2018-02-01,1893542,20336425,medium,high,4.030923712438525,38.873447845915685
2018-04-01,835821,298762,medium,high,12.166668500191637,36.04701857802012
2018-02-01,2685309,4661489,medium,high,13.74210805307133,37.48885791405686
2018-02-01,1255959,5159619,medium,high,4.8211535921826245,36.620253461489234
2018-02-01,513968,13824459,medium,high,10.909310786070975,35.107778513889926
2018-07-01,2733371,18487271,medium,high,6.713609561829461,35.12129577345779
2018-01-01,2709473,18421608,medium,high,8.003096083638129,33.397813984825696
2018-02-01,157618,24839277,medium,high,4.865033179978188,37.08321093101459
2018-05-01,1699900,5956923,medium,high,6.728624391042277,38.04525785229316
2018-08-01,1218362,26064683,medium,high,5.267038688977186,41.46346467654071
2018-06-01,2642984,7204242,medium,high,12.51663732573159,36.36958151388551
2018-11-01,1688893,11329053,medium,high,13.453518815810575,41.234114755579185
2018-06-01,277753,10787955,medium,high,11.426260984316583,37.378157628410605
2018-06-01,712453,4526022,medium,high,9.361368774210348,37.557366000480926
2018-01-01,1473683,10523223,medium,high,11.029793035049869,37.14264695922263
2018-03-01,1653087,6660564,medium,high,5.201256428082262,39.636507886392025
2018-03-01,2909101,21687023,medium,high,5.471761801118353,45.520552434328806
2018-02-01,1673172,10905355,medium,high,13.748580134193158,38.822385737735345
2018-05-01,1619633,8609253,medium,high,7.366947199743823,36.26555468255222
2018-07-01,2792606,24608173,medium,high,8.071263641475564,33.13557808288882
2018-05-01,2307017,16664488,medium,high,10.431711587022985,41.55914454142346
2018-01-01,1608712,22697888,medium,high,11.124812145027974,37.90819234647043
2018-11-01,1477582,14916748,medium,high,7.324048098169673,38.25015157388562
2018-02-01,2356160,13075714,medium,high,13.500084013407115,40.62402253392446
2018-03-01,1980543,10130872,medium,high,6.12106850315987,44.64590383651677
2018-12-01,1771090,1953618,medium,high,9.42064744869791,34.90567474026228
2018-03-01,2083172,114916,medium,high,10.9427662599167,37.31633843838721
2018-02-01,1606711,23643134,medium,high,8.77877527203206,41.40714869340379
2018-01-01,363423,20418011,medium,high,7.242797806499387,46.50619882556591
2018-05-01,1514476,22176724,medium,high,7.567087446156314,34.89913615271311
2018-04-01,1834674,18978903,medium,high,9.341801384105313,43.191893845897155
2018-02-01,2498695,18477241,medium,high,4.198729004711268,37.773617125564
2018-05-01,1545914,411514,medium,high,9.278035786553456,36.45340268136297
2018-03-01,1734538,23312036,medium,high,6.628276661454398,44.686152612528026
2018-08-01,999301,1254936,medium,high,13.567465575449825,41.15121502062715
2018-07-01,654908,5745483,medium,high,7.35651331022067,36.409279621048086
2018-11-01,2794035,16506186,medium,high,10.587220661453422,37.69660413238881
2018-07-01,1601861,28218787,medium,high,5.935361162706727,38.115396056254696
2018-11-01,2058218,18543077,medium,high,11.736881901572787,41.37705737683964
2018-02-01,1916872,17381211,medium,high,8.512561916949757,41.965158534630504
2018-01-01,2565514,9680389,medium,high,10.573139699872371,42.57463415742659
2018-07-01,1249197,2251055,medium,high,5.447394649769693,35.80680743125143
2018-10-01,1588055,10529350,medium,high,10.613312443425137,35.64438266297114
2018-12-01,2772711,28004831,medium,high,9.151824587134504,40.78988299508058
2018-07-01,1570774,755114,medium,high,8.073710675320207,42.25193774278845
2018-02-01,325167,5695532,medium,high,12.565517729226206,37.015477981128626
2018-04-01,1668828,16933963,medium,high,7.508762284894517,42.08776508350996
2018-06-01,1268941,11590808,medium,high,14.31049168654864,39.75369385904229
2018-02-01,1468544,21877356,medium,high,8.502298370111951,44.07843223248856
2018-08-01,1681279,13559984,medium,high,8.517205536711074,38.95844987050348
2018-07-01,787331,24269922,medium,high,6.434125114546445,35.214938784564445
2018-09-01,213213,3257633,medium,high,4.1807293826950485,40.056613145238146
2018-01-01,2685627,26704507,medium,high,10.71605414460203,37.78924635459482
2018-10-01,851254,11008451,medium,high,12.496815740973563,36.815939402026636
2018-11-01,1114536,28733856,medium,high,12.345347005698272,39.673544393930776
2018-03-01,1420575,6912734,medium,high,9.429938239780405,40.11660392469888
2018-10-01,1746808,19224781,medium,high,6.310854436467585,35.634810994118986
2018-10-01,770480,23438187,medium,high,10.254592633005705,39.80804506015909
2018-06-01,1516299,12134893,medium,high,10.041816300108614,35.19363574205897
2018-01-01,2831760,8429824,medium,high,6.784515729900947,37.849230651313604
2018-10-01,2728834,17099500,medium,high,6.7114441649297,36.954480431261295
2018-05-01,1229186,3975925,medium,high,4.112369624536635,39.79425075646153
2018-04-01,2017383,3311118,medium,high,4.381163838377665,37.39888987797532
2018-12-01,255711,27083956,medium,high,9.256637468535608,35.94470514408138
2018-12-01,2054672,23099187,medium,high,8.881804732686295,39.745599398274734
2018-10-01,417712,27902064,medium,high,6.773209693144867,38.40608694783518
2018-06-01,1074069,10368124,medium,high,6.126292052030342,38.94229950698701
2018-03-01,2933261,2248817,medium,high,12.126958036796397,38.9933367164153
2018-05-01,2553466,4238640,medium,high,9.055806915504785,38.91290948611949
2018-06-01,2962211,20626970,medium,high,6.420728589715759,42.3051816386609
2018-12-01,1911635,733718,medium,high,10.396549950075354,41.49590558266064
2018-09-01,2818984,25510340,medium,high,7.506162471444625,38.340587246132834
2018-03-01,161865,3236620,medium,high,14.207431009228864,36.87941849618621
2018-01-01,1852812,11098838,medium,high,12.377503653326047,40.7619066228549
2018-09-01,430415,6080936,medium,high,12.909299253333248,36.708768215976384
2018-08-01,2312066,21920162,medium,high,7.811869317884957,43.44718198473794
2018-07-01,735598,5945515,medium,high,8.031793072915212,34.22690207052756
2018-05-01,2744182,24081688,medium,high,11.632454488332137,41.41324921646946
2018-04-01,2197003,9479570,medium,high,9.641095955262733,43.23899499392178
2018-08-01,1237238,16641782,medium,high,5.418712486144955,42.90487610309441
2018-12-01,2178512,22730115,medium,high,7.337759492631543,45.54263895460013
2018-07-01,1552981,4722790,medium,high,9.844429037143177,39.98060801626732
2018-12-01,2930258,5609357,medium,high,4.612665398007583,39.97122651312315
2018-05-01,626961,13545501,medium,high,13.040538529314379,41.64761652701999
2018-07-01,2338975,13012563,medium,high,7.956536874771295,33.10693584916055
2018-06-01,1536104,9711921,medium,high,6.5671317194223375,44.08648680678712
2018-01-01,1769049,11284572,medium,high,4.284463317227807,40.428026837792615
2018-01-01,1485596,20525510,medium,high,13.682380980521968,38.972625542086824
2018-08-01,1195169,26109539,medium,high,6.073073439613621,43.7836024681438
2018-11-01,2432061,10088396,medium,high,6.896579776877889,38.327279315541986
2018-08-01,1877265,15152926,medium,high,7.496916969985065,43.7704423677056
2018-03-01,1151849,22892649,medium,high,4.3807243621672844,37.66776190811481
2018-07-01,786129,26271811,medium,high,7.670470308733842,34.74313517526844
2018-05-01,1875980,1275196,medium,high,9.290791270632397,37.22306927422975
2018-09-01,390453,7880934,medium,high,8.15289484667639,43.738581948430756
2018-03-01,351497,4225831,medium,high,4.316878412826211,40.887294831626974
2018-08-01,2734598,28594624,medium,high,7.265703637847706,44.65442880088866
2018-03-01,736769,29436834,medium,high,4.092522331104907,39.73096216779847
2018-05-01,2740502,14853412,medium,high,6.738564022253704,35.03634475786411
2018-02-01,201484,3676873,medium,high,12.696118354633237,36.78772535081937
2018-12-01,1692535,17180771,medium,high,12.372263349575157,42.1002917972819
2018-03-01,1315645,17422006,medium,high,7.101725473639975,36.568787840911504
2018-10-01,2957910,2802406,medium,high,9.827498969568907,39.267548496815294
2018-07-01,1043883,29740686,medium,high,14.146593731399415,40.095506089306994
2018-10-01,365889,4182493,medium,high,5.270223658507432,44.281296335566815
2018-11-01,2200977,27948907,medium,high,6.85055731219778,44.854458076031236
2018-02-01,2392744,2489662,medium,high,4.619760651722444,39.568867571835376
2018-12-01,842875,24216011,medium,high,4.129999344879124,38.845187055435666
2018-03-01,411380,28377523,medium,high,11.143133370788217,36.07351915261785
2018-04-01,624144,3858837,medium,high,10.835082790052944,34.57816907759883
2018-06-01,1124273,1518516,medium,high,9.629354819759673,38.248955951390734
2018-05-01,1560944,17251535,medium,high,8.918860587393674,42.07456546892371
2018-01-01,637718,29155350,medium,high,3.7838394958225186,38.49909890380449
2018-04-01,2798978,27210214,medium,high,10.573349273005757,38.437733666000746
2018-03-01,1544054,4307277,medium,high,6.667419121738747,45.0912302293098
2018-03-01,581654,24262743,medium,high,7.956785649889343,45.637921950687456
2018-04-01,1481752,10102641,medium,high,6.993703564456412,45.482439832286275
2018-05-01,2903606,15041698,medium,high,6.3955028786258845,39.398322672673665
2018-10-01,1615827,1417599,medium,high,5.115227847452326,39.481259608625685
2018-05-01,983781,3665084,medium,high,6.750647758371968,45.09250980156065
2018-12-01,1018631,24906391,medium,high,9.608581789984239,38.21348474739517
2018-11-01,118838,26871124,medium,high,5.720000144989603,38.683594764299855
2018-08-01,1942500,12326811,medium,high,10.172368472532401,38.473890220644414
2018-04-01,728114,28687231,medium,high,11.312148575889092,39.45384392305645
2018-07-01,399192,10182891,medium,high,7.168941977436077,45.732353689609454
2018-08-01,2191749,24389618,medium,high,10.928678744525943,38.57033715078785
2018-10-01,461750,25082522,medium,high,6.401503510137777,37.1834149272474
2018-03-01,2018243,7577020,medium,high,4.806035343501268,38.032198978430095
2018-05-01,1386198,21960628,medium,high,8.746544668079288,37.803929479713105
2018-01-01,1876667,5380557,medium,high,6.41672286100985,37.08071259284163
2018-09-01,1137667,1136523,medium,high,7.840561725036428,44.070442656026245
2018-09-01,434402,16976463,medium,high,6.98368662968862,36.78573611952265
2018-05-01,2032499,22763353,medium,high,12.870126202123764,41.272201660732705
2018-10-01,553153,23045636,medium,high,11.202245357313195,39.32129589433231
2018-12-01,2164255,18325298,medium,high,10.504773967269848,41.866501468349355
2018-11-01,109396,25133926,medium,high,14.27662291919297,36.609520276104334
2018-10-01,1319575,14574456,medium,high,13.438030158769703,37.28170320792745
2018-04-01,1366963,5424166,medium,high,7.817749753735521,46.76123989523525
2018-05-01,244625,7907224,medium,high,11.806127152119172,38.467229053203056
2018-01-01,1627301,1312704,medium,high,7.67175489947805,37.86591300195326
2018-07-01,2665308,2858685,medium,high,8.614258471346858,34.61369803028717
2018-04-01,885298,17738620,medium,high,6.794110159110716,39.53238905400817
2018-09-01,2006564,9429988,medium,high,14.015590227482225,37.837861272383535
2018-10-01,1465021,17086100,medium,high,7.840792760179839,34.70812486609164
2018-06-01,166738,11077409,medium,high,9.371601635243675,42.99828952274324
2018-05-01,1244391,13830172,medium,high,12.757598617324808,36.80463683275549
2018-04-01,610687,4674849,medium,high,5.501192466715478,36.134390761124976
2018-08-01,1891430,5277410,medium,high,14.402812527429582,39.8092043343762
2018-01-01,2119767,4274377,medium,high,5.895287037225735,40.590952994473426
2018-09-01,2302613,13620829,medium,high,12.987163453416494,38.91586023176289
2018-03-01,570089,6233180,medium,high,11.121893134260649,37.54567987421601
2018-09-01,2086040,26405183,medium,high,5.810497056019332,37.16623344219958
2018-10-01,1859806,16408601,medium,high,7.608720027914149,35.888512644970604
2018-08-01,1068122,18188349,medium,high,8.513956569290317,43.58957188615291
2018-08-01,1145458,23108841,medium,high,7.718468146135916,37.84392445031973
2018-01-01,320406,6984740,medium,high,11.881586740239785,36.3323811575824
2018-08-01,739893,12405419,medium,high,6.967706368013188,46.827389808909984
2018-02-01,609733,29772541,medium,high,7.715589773561584,34.20619627604248
2018-10-01,2888781,20821980,medium,high,8.461459378452801,42.674136785042705
2018-08-01,2832652,23432049,medium,high,6.8632317468525645,45.217961742761275
2018-08-01,2753938,3943150,medium,high,11.294845417480968,40.133941160659354
2018-11-01,2658915,12900092,medium,high,6.934080420425362,45.94510018880935
2018-10-01,1703630,1358134,medium,high,5.300788399511802,42.22714427137698
2018-03-01,135478,13941194,medium,high,11.648956636332713,36.46337813997494
2018-10-01,1179367,13974485,medium,high,8.8147835414245,40.10808013369493
2018-07-01,2552395,28360537,medium,high,7.570260061970611,45.893903199607806
2018-01-01,1177689,21059019,medium,high,10.285548386226363,42.513291013039535
2018-08-01,2473348,8551582,medium,high,10.55142801661831,35.04719553417716
2018-10-01,643229,16829418,medium,high,9.599159771228285,38.420559290908635
2018-05-01,1827963,22064744,medium,high,6.799636628244029,42.39569466331304
2018-09-01,910073,5087320,medium,high,11.177795267327749,41.45392381887392
2018-02-01,214083,3131170,medium,high,6.88582191985128,40.62023587659197
2018-12-01,743436,26069727,medium,high,13.614022618256461,37.85764537901345
2018-09-01,1533009,244327,medium,high,10.784505602181046,39.013201058278035
2018-04-01,890373,7272998,medium,high,14.354683137772701,38.467664740587864
2018-12-01,1675531,8078509,medium,high,7.129900036691958,34.6325886834629
2018-12-01,2149933,14304563,medium,high,10.688320255397834,39.60706987510266
